[2021-11-10 02:52:10] local.INFO: HomeController : index  
[2021-11-10 02:52:37] local.INFO: HomeController : index  
[2021-11-10 02:52:40] local.INFO: HomeController : index  
[2021-11-10 02:52:43] local.INFO: HomeController : index  
[2021-11-10 02:52:46] local.INFO: HomeController : index  
[2021-11-10 02:52:49] local.INFO: HomeController : index  
[2021-11-10 02:52:52] local.INFO: HomeController : index  
[2021-11-10 02:53:47] local.INFO: BannerController : index  
[2021-11-10 02:53:50] local.INFO: BannerController : create  
[2021-11-10 02:53:50] local.INFO: array (
  'titlePage' => 'สร้างข้อมูล Banner',
  'DataTimeThaiFull' => 'ข้อมูล ณ วันที่ 10 พฤศจิกายน 2564 เวลา 02:53:50 น.',
  'sort_number' => 2,
)  
[2021-11-10 02:54:24] local.INFO: BannerController : store  
[2021-11-10 02:54:24] local.ERROR: PDOException: SQLSTATE[HY000]: General error: 1364 Field 'id' doesn't have a default value in /www/wwwroot/worawisith.sv3.gramick.dev/laravel/vendor/laravel/framework/src/Illuminate/Database/Connection.php:492
Stack trace:
#0 /www/wwwroot/worawisith.sv3.gramick.dev/laravel/vendor/laravel/framework/src/Illuminate/Database/Connection.php(492): PDOStatement->execute()
#1 /www/wwwroot/worawisith.sv3.gramick.dev/laravel/vendor/laravel/framework/src/Illuminate/Database/Connection.php(696): Illuminate\Database\Connection->Illuminate\Database\{closure}()
#2 /www/wwwroot/worawisith.sv3.gramick.dev/laravel/vendor/laravel/framework/src/Illuminate/Database/Connection.php(663): Illuminate\Database\Connection->runQueryCallback()
#3 /www/wwwroot/worawisith.sv3.gramick.dev/laravel/vendor/laravel/framework/src/Illuminate/Database/Connection.php(493): Illuminate\Database\Connection->run()
#4 /www/wwwroot/worawisith.sv3.gramick.dev/laravel/vendor/laravel/framework/src/Illuminate/Database/Connection.php(445): Illuminate\Database\Connection->statement()
#5 /www/wwwroot/worawisith.sv3.gramick.dev/laravel/vendor/laravel/framework/src/Illuminate/Database/Query/Processors/Processor.php(32): Illuminate\Database\Connection->insert()
#6 /www/wwwroot/worawisith.sv3.gramick.dev/laravel/vendor/laravel/framework/src/Illuminate/Database/Query/Builder.php(2965): Illuminate\Database\Query\Processors\Processor->processInsertGetId()
#7 /www/wwwroot/worawisith.sv3.gramick.dev/laravel/vendor/laravel/framework/src/Illuminate/Database/Eloquent/Builder.php(1641): Illuminate\Database\Query\Builder->insertGetId()
#8 /www/wwwroot/worawisith.sv3.gramick.dev/laravel/vendor/laravel/framework/src/Illuminate/Database/Eloquent/Model.php(1188): Illuminate\Database\Eloquent\Builder->__call()
#9 /www/wwwroot/worawisith.sv3.gramick.dev/laravel/vendor/laravel/framework/src/Illuminate/Database/Eloquent/Model.php(1153): Illuminate\Database\Eloquent\Model->insertAndSetId()
#10 /www/wwwroot/worawisith.sv3.gramick.dev/laravel/vendor/laravel/framework/src/Illuminate/Database/Eloquent/Model.php(994): Illuminate\Database\Eloquent\Model->performInsert()
#11 /www/wwwroot/worawisith.sv3.gramick.dev/laravel/app/Http/Controllers/backend/BannerController.php(112): Illuminate\Database\Eloquent\Model->save()
#12 /www/wwwroot/worawisith.sv3.gramick.dev/laravel/vendor/laravel/framework/src/Illuminate/Routing/Controller.php(54): App\Http\Controllers\backend\BannerController->store()
#13 /www/wwwroot/worawisith.sv3.gramick.dev/laravel/vendor/laravel/framework/src/Illuminate/Routing/ControllerDispatcher.php(45): Illuminate\Routing\Controller->callAction()
#14 /www/wwwroot/worawisith.sv3.gramick.dev/laravel/vendor/laravel/framework/src/Illuminate/Routing/Route.php(262): Illuminate\Routing\ControllerDispatcher->dispatch()
#15 /www/wwwroot/worawisith.sv3.gramick.dev/laravel/vendor/laravel/framework/src/Illuminate/Routing/Route.php(205): Illuminate\Routing\Route->runController()
#16 /www/wwwroot/worawisith.sv3.gramick.dev/laravel/vendor/laravel/framework/src/Illuminate/Routing/Router.php(695): Illuminate\Routing\Route->run()
#17 /www/wwwroot/worawisith.sv3.gramick.dev/laravel/vendor/laravel/framework/src/Illuminate/Pipeline/Pipeline.php(128): Illuminate\Routing\Router->Illuminate\Routing\{closure}()
#18 /www/wwwroot/worawisith.sv3.gramick.dev/laravel/app/Http/Middleware/Language.php(21): Illuminate\Pipeline\Pipeline->Illuminate\Pipeline\{closure}()
#19 /www/wwwroot/worawisith.sv3.gramick.dev/laravel/vendor/laravel/framework/src/Illuminate/Pipeline/Pipeline.php(167): App\Http\Middleware\Language->handle()
#20 /www/wwwroot/worawisith.sv3.gramick.dev/laravel/vendor/laravel/framework/src/Illuminate/Routing/Middleware/SubstituteBindings.php(50): Illuminate\Pipeline\Pipeline->Illuminate\Pipeline\{closure}()
#21 /www/wwwroot/worawisith.sv3.gramick.dev/laravel/vendor/laravel/framework/src/Illuminate/Pipeline/Pipeline.php(167): Illuminate\Routing\Middleware\SubstituteBindings->handle()
#22 /www/wwwroot/worawisith.sv3.gramick.dev/laravel/vendor/laravel/framework/src/Illuminate/Auth/Middleware/Authenticate.php(44): Illuminate\Pipeline\Pipeline->Illuminate\Pipeline\{closure}()
#23 /www/wwwroot/worawisith.sv3.gramick.dev/laravel/vendor/laravel/framework/src/Illuminate/Pipeline/Pipeline.php(167): Illuminate\Auth\Middleware\Authenticate->handle()
#24 /www/wwwroot/worawisith.sv3.gramick.dev/laravel/vendor/laravel/framework/src/Illuminate/Foundation/Http/Middleware/VerifyCsrfToken.php(78): Illuminate\Pipeline\Pipeline->Illuminate\Pipeline\{closure}()
#25 /www/wwwroot/worawisith.sv3.gramick.dev/laravel/vendor/laravel/framework/src/Illuminate/Pipeline/Pipeline.php(167): Illuminate\Foundation\Http\Middleware\VerifyCsrfToken->handle()
#26 /www/wwwroot/worawisith.sv3.gramick.dev/laravel/vendor/laravel/framework/src/Illuminate/View/Middleware/ShareErrorsFromSession.php(49): Illuminate\Pipeline\Pipeline->Illuminate\Pipeline\{closure}()
#27 /www/wwwroot/worawisith.sv3.gramick.dev/laravel/vendor/laravel/framework/src/Illuminate/Pipeline/Pipeline.php(167): Illuminate\View\Middleware\ShareErrorsFromSession->handle()
#28 /www/wwwroot/worawisith.sv3.gramick.dev/laravel/vendor/laravel/framework/src/Illuminate/Session/Middleware/StartSession.php(121): Illuminate\Pipeline\Pipeline->Illuminate\Pipeline\{closure}()
#29 /www/wwwroot/worawisith.sv3.gramick.dev/laravel/vendor/laravel/framework/src/Illuminate/Session/Middleware/StartSession.php(64): Illuminate\Session\Middleware\StartSession->handleStatefulRequest()
#30 /www/wwwroot/worawisith.sv3.gramick.dev/laravel/vendor/laravel/framework/src/Illuminate/Pipeline/Pipeline.php(167): Illuminate\Session\Middleware\StartSession->handle()
#31 /www/wwwroot/worawisith.sv3.gramick.dev/laravel/vendor/laravel/framework/src/Illuminate/Cookie/Middleware/AddQueuedCookiesToResponse.php(37): Illuminate\Pipeline\Pipeline->Illuminate\Pipeline\{closure}()
#32 /www/wwwroot/worawisith.sv3.gramick.dev/laravel/vendor/laravel/framework/src/Illuminate/Pipeline/Pipeline.php(167): Illuminate\Cookie\Middleware\AddQueuedCookiesToResponse->handle()
#33 /www/wwwroot/worawisith.sv3.gramick.dev/laravel/vendor/laravel/framework/src/Illuminate/Cookie/Middleware/EncryptCookies.php(67): Illuminate\Pipeline\Pipeline->Illuminate\Pipeline\{closure}()
#34 /www/wwwroot/worawisith.sv3.gramick.dev/laravel/vendor/laravel/framework/src/Illuminate/Pipeline/Pipeline.php(167): Illuminate\Cookie\Middleware\EncryptCookies->handle()
#35 /www/wwwroot/worawisith.sv3.gramick.dev/laravel/vendor/laravel/framework/src/Illuminate/Pipeline/Pipeline.php(103): Illuminate\Pipeline\Pipeline->Illuminate\Pipeline\{closure}()
#36 /www/wwwroot/worawisith.sv3.gramick.dev/laravel/vendor/laravel/framework/src/Illuminate/Routing/Router.php(697): Illuminate\Pipeline\Pipeline->then()
#37 /www/wwwroot/worawisith.sv3.gramick.dev/laravel/vendor/laravel/framework/src/Illuminate/Routing/Router.php(672): Illuminate\Routing\Router->runRouteWithinStack()
#38 /www/wwwroot/worawisith.sv3.gramick.dev/laravel/vendor/laravel/framework/src/Illuminate/Routing/Router.php(636): Illuminate\Routing\Router->runRoute()
#39 /www/wwwroot/worawisith.sv3.gramick.dev/laravel/vendor/laravel/framework/src/Illuminate/Routing/Router.php(625): Illuminate\Routing\Router->dispatchToRoute()
#40 /www/wwwroot/worawisith.sv3.gramick.dev/laravel/vendor/laravel/framework/src/Illuminate/Foundation/Http/Kernel.php(167): Illuminate\Routing\Router->dispatch()
#41 /www/wwwroot/worawisith.sv3.gramick.dev/laravel/vendor/laravel/framework/src/Illuminate/Pipeline/Pipeline.php(128): Illuminate\Foundation\Http\Kernel->Illuminate\Foundation\Http\{closure}()
#42 /www/wwwroot/worawisith.sv3.gramick.dev/laravel/vendor/barryvdh/laravel-debugbar/src/Middleware/InjectDebugbar.php(67): Illuminate\Pipeline\Pipeline->Illuminate\Pipeline\{closure}()
#43 /www/wwwroot/worawisith.sv3.gramick.dev/laravel/vendor/laravel/framework/src/Illuminate/Pipeline/Pipeline.php(167): Barryvdh\Debugbar\Middleware\InjectDebugbar->handle()
#44 /www/wwwroot/worawisith.sv3.gramick.dev/laravel/app/Http/Middleware/Language.php(21): Illuminate\Pipeline\Pipeline->Illuminate\Pipeline\{closure}()
#45 /www/wwwroot/worawisith.sv3.gramick.dev/laravel/vendor/laravel/framework/src/Illuminate/Pipeline/Pipeline.php(167): App\Http\Middleware\Language->handle()
#46 /www/wwwroot/worawisith.sv3.gramick.dev/laravel/vendor/laravel/framework/src/Illuminate/Foundation/Http/Middleware/TransformsRequest.php(21): Illuminate\Pipeline\Pipeline->Illuminate\Pipeline\{closure}()
#47 /www/wwwroot/worawisith.sv3.gramick.dev/laravel/vendor/laravel/framework/src/Illuminate/Foundation/Http/Middleware/ConvertEmptyStringsToNull.php(31): Illuminate\Foundation\Http\Middleware\TransformsRequest->handle()
#48 /www/wwwroot/worawisith.sv3.gramick.dev/laravel/vendor/laravel/framework/src/Illuminate/Pipeline/Pipeline.php(167): Illuminate\Foundation\Http\Middleware\ConvertEmptyStringsToNull->handle()
#49 /www/wwwroot/worawisith.sv3.gramick.dev/laravel/vendor/laravel/framework/src/Illuminate/Foundation/Http/Middleware/TransformsRequest.php(21): Illuminate\Pipeline\Pipeline->Illuminate\Pipeline\{closure}()
#50 /www/wwwroot/worawisith.sv3.gramick.dev/laravel/vendor/laravel/framework/src/Illuminate/Foundation/Http/Middleware/TrimStrings.php(40): Illuminate\Foundation\Http\Middleware\TransformsRequest->handle()
#51 /www/wwwroot/worawisith.sv3.gramick.dev/laravel/vendor/laravel/framework/src/Illuminate/Pipeline/Pipeline.php(167): Illuminate\Foundation\Http\Middleware\TrimStrings->handle()
#52 /www/wwwroot/worawisith.sv3.gramick.dev/laravel/vendor/laravel/framework/src/Illuminate/Foundation/Http/Middleware/ValidatePostSize.php(27): Illuminate\Pipeline\Pipeline->Illuminate\Pipeline\{closure}()
#53 /www/wwwroot/worawisith.sv3.gramick.dev/laravel/vendor/laravel/framework/src/Illuminate/Pipeline/Pipeline.php(167): Illuminate\Foundation\Http\Middleware\ValidatePostSize->handle()
#54 /www/wwwroot/worawisith.sv3.gramick.dev/laravel/vendor/laravel/framework/src/Illuminate/Foundation/Http/Middleware/PreventRequestsDuringMaintenance.php(86): Illuminate\Pipeline\Pipeline->Illuminate\Pipeline\{closure}()
#55 /www/wwwroot/worawisith.sv3.gramick.dev/laravel/vendor/laravel/framework/src/Illuminate/Pipeline/Pipeline.php(167): Illuminate\Foundation\Http\Middleware\PreventRequestsDuringMaintenance->handle()
#56 /www/wwwroot/worawisith.sv3.gramick.dev/laravel/vendor/fruitcake/laravel-cors/src/HandleCors.php(38): Illuminate\Pipeline\Pipeline->Illuminate\Pipeline\{closure}()
#57 /www/wwwroot/worawisith.sv3.gramick.dev/laravel/vendor/laravel/framework/src/Illuminate/Pipeline/Pipeline.php(167): Fruitcake\Cors\HandleCors->handle()
#58 /www/wwwroot/worawisith.sv3.gramick.dev/laravel/vendor/laravel/framework/src/Illuminate/Http/Middleware/TrustProxies.php(39): Illuminate\Pipeline\Pipeline->Illuminate\Pipeline\{closure}()
#59 /www/wwwroot/worawisith.sv3.gramick.dev/laravel/vendor/laravel/framework/src/Illuminate/Pipeline/Pipeline.php(167): Illuminate\Http\Middleware\TrustProxies->handle()
#60 /www/wwwroot/worawisith.sv3.gramick.dev/laravel/vendor/laravel/framework/src/Illuminate/Pipeline/Pipeline.php(103): Illuminate\Pipeline\Pipeline->Illuminate\Pipeline\{closure}()
#61 /www/wwwroot/worawisith.sv3.gramick.dev/laravel/vendor/laravel/framework/src/Illuminate/Foundation/Http/Kernel.php(142): Illuminate\Pipeline\Pipeline->then()
#62 /www/wwwroot/worawisith.sv3.gramick.dev/laravel/vendor/laravel/framework/src/Illuminate/Foundation/Http/Kernel.php(111): Illuminate\Foundation\Http\Kernel->sendRequestThroughRouter()
#63 /www/wwwroot/worawisith.sv3.gramick.dev/index.php(52): Illuminate\Foundation\Http\Kernel->handle()
#64 {main}

Next Illuminate\Database\QueryException: SQLSTATE[HY000]: General error: 1364 Field 'id' doesn't have a default value (SQL: insert into `banner` (`tilte_th`, `tilte_en`, `detail_th`, `detail_en`, `active_status`, `display_status`, `sort_number`, `ip_address`, `created_by`, `updated_by`, `updated_at`, `created_at`) values (ทดสอบ, Test, ทดสอบการทำงาน, Test, 1, 1, 2, 49.228.229.67, 1, 1, 2021-11-10 02:54:24, 2021-11-10 02:54:24)) in /www/wwwroot/worawisith.sv3.gramick.dev/laravel/vendor/laravel/framework/src/Illuminate/Database/Connection.php:703
Stack trace:
#0 /www/wwwroot/worawisith.sv3.gramick.dev/laravel/vendor/laravel/framework/src/Illuminate/Database/Connection.php(663): Illuminate\Database\Connection->runQueryCallback()
#1 /www/wwwroot/worawisith.sv3.gramick.dev/laravel/vendor/laravel/framework/src/Illuminate/Database/Connection.php(493): Illuminate\Database\Connection->run()
#2 /www/wwwroot/worawisith.sv3.gramick.dev/laravel/vendor/laravel/framework/src/Illuminate/Database/Connection.php(445): Illuminate\Database\Connection->statement()
#3 /www/wwwroot/worawisith.sv3.gramick.dev/laravel/vendor/laravel/framework/src/Illuminate/Database/Query/Processors/Processor.php(32): Illuminate\Database\Connection->insert()
#4 /www/wwwroot/worawisith.sv3.gramick.dev/laravel/vendor/laravel/framework/src/Illuminate/Database/Query/Builder.php(2965): Illuminate\Database\Query\Processors\Processor->processInsertGetId()
#5 /www/wwwroot/worawisith.sv3.gramick.dev/laravel/vendor/laravel/framework/src/Illuminate/Database/Eloquent/Builder.php(1641): Illuminate\Database\Query\Builder->insertGetId()
#6 /www/wwwroot/worawisith.sv3.gramick.dev/laravel/vendor/laravel/framework/src/Illuminate/Database/Eloquent/Model.php(1188): Illuminate\Database\Eloquent\Builder->__call()
#7 /www/wwwroot/worawisith.sv3.gramick.dev/laravel/vendor/laravel/framework/src/Illuminate/Database/Eloquent/Model.php(1153): Illuminate\Database\Eloquent\Model->insertAndSetId()
#8 /www/wwwroot/worawisith.sv3.gramick.dev/laravel/vendor/laravel/framework/src/Illuminate/Database/Eloquent/Model.php(994): Illuminate\Database\Eloquent\Model->performInsert()
#9 /www/wwwroot/worawisith.sv3.gramick.dev/laravel/app/Http/Controllers/backend/BannerController.php(112): Illuminate\Database\Eloquent\Model->save()
#10 /www/wwwroot/worawisith.sv3.gramick.dev/laravel/vendor/laravel/framework/src/Illuminate/Routing/Controller.php(54): App\Http\Controllers\backend\BannerController->store()
#11 /www/wwwroot/worawisith.sv3.gramick.dev/laravel/vendor/laravel/framework/src/Illuminate/Routing/ControllerDispatcher.php(45): Illuminate\Routing\Controller->callAction()
#12 /www/wwwroot/worawisith.sv3.gramick.dev/laravel/vendor/laravel/framework/src/Illuminate/Routing/Route.php(262): Illuminate\Routing\ControllerDispatcher->dispatch()
#13 /www/wwwroot/worawisith.sv3.gramick.dev/laravel/vendor/laravel/framework/src/Illuminate/Routing/Route.php(205): Illuminate\Routing\Route->runController()
#14 /www/wwwroot/worawisith.sv3.gramick.dev/laravel/vendor/laravel/framework/src/Illuminate/Routing/Router.php(695): Illuminate\Routing\Route->run()
#15 /www/wwwroot/worawisith.sv3.gramick.dev/laravel/vendor/laravel/framework/src/Illuminate/Pipeline/Pipeline.php(128): Illuminate\Routing\Router->Illuminate\Routing\{closure}()
#16 /www/wwwroot/worawisith.sv3.gramick.dev/laravel/app/Http/Middleware/Language.php(21): Illuminate\Pipeline\Pipeline->Illuminate\Pipeline\{closure}()
#17 /www/wwwroot/worawisith.sv3.gramick.dev/laravel/vendor/laravel/framework/src/Illuminate/Pipeline/Pipeline.php(167): App\Http\Middleware\Language->handle()
#18 /www/wwwroot/worawisith.sv3.gramick.dev/laravel/vendor/laravel/framework/src/Illuminate/Routing/Middleware/SubstituteBindings.php(50): Illuminate\Pipeline\Pipeline->Illuminate\Pipeline\{closure}()
#19 /www/wwwroot/worawisith.sv3.gramick.dev/laravel/vendor/laravel/framework/src/Illuminate/Pipeline/Pipeline.php(167): Illuminate\Routing\Middleware\SubstituteBindings->handle()
#20 /www/wwwroot/worawisith.sv3.gramick.dev/laravel/vendor/laravel/framework/src/Illuminate/Auth/Middleware/Authenticate.php(44): Illuminate\Pipeline\Pipeline->Illuminate\Pipeline\{closure}()
#21 /www/wwwroot/worawisith.sv3.gramick.dev/laravel/vendor/laravel/framework/src/Illuminate/Pipeline/Pipeline.php(167): Illuminate\Auth\Middleware\Authenticate->handle()
#22 /www/wwwroot/worawisith.sv3.gramick.dev/laravel/vendor/laravel/framework/src/Illuminate/Foundation/Http/Middleware/VerifyCsrfToken.php(78): Illuminate\Pipeline\Pipeline->Illuminate\Pipeline\{closure}()
#23 /www/wwwroot/worawisith.sv3.gramick.dev/laravel/vendor/laravel/framework/src/Illuminate/Pipeline/Pipeline.php(167): Illuminate\Foundation\Http\Middleware\VerifyCsrfToken->handle()
#24 /www/wwwroot/worawisith.sv3.gramick.dev/laravel/vendor/laravel/framework/src/Illuminate/View/Middleware/ShareErrorsFromSession.php(49): Illuminate\Pipeline\Pipeline->Illuminate\Pipeline\{closure}()
#25 /www/wwwroot/worawisith.sv3.gramick.dev/laravel/vendor/laravel/framework/src/Illuminate/Pipeline/Pipeline.php(167): Illuminate\View\Middleware\ShareErrorsFromSession->handle()
#26 /www/wwwroot/worawisith.sv3.gramick.dev/laravel/vendor/laravel/framework/src/Illuminate/Session/Middleware/StartSession.php(121): Illuminate\Pipeline\Pipeline->Illuminate\Pipeline\{closure}()
#27 /www/wwwroot/worawisith.sv3.gramick.dev/laravel/vendor/laravel/framework/src/Illuminate/Session/Middleware/StartSession.php(64): Illuminate\Session\Middleware\StartSession->handleStatefulRequest()
#28 /www/wwwroot/worawisith.sv3.gramick.dev/laravel/vendor/laravel/framework/src/Illuminate/Pipeline/Pipeline.php(167): Illuminate\Session\Middleware\StartSession->handle()
#29 /www/wwwroot/worawisith.sv3.gramick.dev/laravel/vendor/laravel/framework/src/Illuminate/Cookie/Middleware/AddQueuedCookiesToResponse.php(37): Illuminate\Pipeline\Pipeline->Illuminate\Pipeline\{closure}()
#30 /www/wwwroot/worawisith.sv3.gramick.dev/laravel/vendor/laravel/framework/src/Illuminate/Pipeline/Pipeline.php(167): Illuminate\Cookie\Middleware\AddQueuedCookiesToResponse->handle()
#31 /www/wwwroot/worawisith.sv3.gramick.dev/laravel/vendor/laravel/framework/src/Illuminate/Cookie/Middleware/EncryptCookies.php(67): Illuminate\Pipeline\Pipeline->Illuminate\Pipeline\{closure}()
#32 /www/wwwroot/worawisith.sv3.gramick.dev/laravel/vendor/laravel/framework/src/Illuminate/Pipeline/Pipeline.php(167): Illuminate\Cookie\Middleware\EncryptCookies->handle()
#33 /www/wwwroot/worawisith.sv3.gramick.dev/laravel/vendor/laravel/framework/src/Illuminate/Pipeline/Pipeline.php(103): Illuminate\Pipeline\Pipeline->Illuminate\Pipeline\{closure}()
#34 /www/wwwroot/worawisith.sv3.gramick.dev/laravel/vendor/laravel/framework/src/Illuminate/Routing/Router.php(697): Illuminate\Pipeline\Pipeline->then()
#35 /www/wwwroot/worawisith.sv3.gramick.dev/laravel/vendor/laravel/framework/src/Illuminate/Routing/Router.php(672): Illuminate\Routing\Router->runRouteWithinStack()
#36 /www/wwwroot/worawisith.sv3.gramick.dev/laravel/vendor/laravel/framework/src/Illuminate/Routing/Router.php(636): Illuminate\Routing\Router->runRoute()
#37 /www/wwwroot/worawisith.sv3.gramick.dev/laravel/vendor/laravel/framework/src/Illuminate/Routing/Router.php(625): Illuminate\Routing\Router->dispatchToRoute()
#38 /www/wwwroot/worawisith.sv3.gramick.dev/laravel/vendor/laravel/framework/src/Illuminate/Foundation/Http/Kernel.php(167): Illuminate\Routing\Router->dispatch()
#39 /www/wwwroot/worawisith.sv3.gramick.dev/laravel/vendor/laravel/framework/src/Illuminate/Pipeline/Pipeline.php(128): Illuminate\Foundation\Http\Kernel->Illuminate\Foundation\Http\{closure}()
#40 /www/wwwroot/worawisith.sv3.gramick.dev/laravel/vendor/barryvdh/laravel-debugbar/src/Middleware/InjectDebugbar.php(67): Illuminate\Pipeline\Pipeline->Illuminate\Pipeline\{closure}()
#41 /www/wwwroot/worawisith.sv3.gramick.dev/laravel/vendor/laravel/framework/src/Illuminate/Pipeline/Pipeline.php(167): Barryvdh\Debugbar\Middleware\InjectDebugbar->handle()
#42 /www/wwwroot/worawisith.sv3.gramick.dev/laravel/app/Http/Middleware/Language.php(21): Illuminate\Pipeline\Pipeline->Illuminate\Pipeline\{closure}()
#43 /www/wwwroot/worawisith.sv3.gramick.dev/laravel/vendor/laravel/framework/src/Illuminate/Pipeline/Pipeline.php(167): App\Http\Middleware\Language->handle()
#44 /www/wwwroot/worawisith.sv3.gramick.dev/laravel/vendor/laravel/framework/src/Illuminate/Foundation/Http/Middleware/TransformsRequest.php(21): Illuminate\Pipeline\Pipeline->Illuminate\Pipeline\{closure}()
#45 /www/wwwroot/worawisith.sv3.gramick.dev/laravel/vendor/laravel/framework/src/Illuminate/Foundation/Http/Middleware/ConvertEmptyStringsToNull.php(31): Illuminate\Foundation\Http\Middleware\TransformsRequest->handle()
#46 /www/wwwroot/worawisith.sv3.gramick.dev/laravel/vendor/laravel/framework/src/Illuminate/Pipeline/Pipeline.php(167): Illuminate\Foundation\Http\Middleware\ConvertEmptyStringsToNull->handle()
#47 /www/wwwroot/worawisith.sv3.gramick.dev/laravel/vendor/laravel/framework/src/Illuminate/Foundation/Http/Middleware/TransformsRequest.php(21): Illuminate\Pipeline\Pipeline->Illuminate\Pipeline\{closure}()
#48 /www/wwwroot/worawisith.sv3.gramick.dev/laravel/vendor/laravel/framework/src/Illuminate/Foundation/Http/Middleware/TrimStrings.php(40): Illuminate\Foundation\Http\Middleware\TransformsRequest->handle()
#49 /www/wwwroot/worawisith.sv3.gramick.dev/laravel/vendor/laravel/framework/src/Illuminate/Pipeline/Pipeline.php(167): Illuminate\Foundation\Http\Middleware\TrimStrings->handle()
#50 /www/wwwroot/worawisith.sv3.gramick.dev/laravel/vendor/laravel/framework/src/Illuminate/Foundation/Http/Middleware/ValidatePostSize.php(27): Illuminate\Pipeline\Pipeline->Illuminate\Pipeline\{closure}()
#51 /www/wwwroot/worawisith.sv3.gramick.dev/laravel/vendor/laravel/framework/src/Illuminate/Pipeline/Pipeline.php(167): Illuminate\Foundation\Http\Middleware\ValidatePostSize->handle()
#52 /www/wwwroot/worawisith.sv3.gramick.dev/laravel/vendor/laravel/framework/src/Illuminate/Foundation/Http/Middleware/PreventRequestsDuringMaintenance.php(86): Illuminate\Pipeline\Pipeline->Illuminate\Pipeline\{closure}()
#53 /www/wwwroot/worawisith.sv3.gramick.dev/laravel/vendor/laravel/framework/src/Illuminate/Pipeline/Pipeline.php(167): Illuminate\Foundation\Http\Middleware\PreventRequestsDuringMaintenance->handle()
#54 /www/wwwroot/worawisith.sv3.gramick.dev/laravel/vendor/fruitcake/laravel-cors/src/HandleCors.php(38): Illuminate\Pipeline\Pipeline->Illuminate\Pipeline\{closure}()
#55 /www/wwwroot/worawisith.sv3.gramick.dev/laravel/vendor/laravel/framework/src/Illuminate/Pipeline/Pipeline.php(167): Fruitcake\Cors\HandleCors->handle()
#56 /www/wwwroot/worawisith.sv3.gramick.dev/laravel/vendor/laravel/framework/src/Illuminate/Http/Middleware/TrustProxies.php(39): Illuminate\Pipeline\Pipeline->Illuminate\Pipeline\{closure}()
#57 /www/wwwroot/worawisith.sv3.gramick.dev/laravel/vendor/laravel/framework/src/Illuminate/Pipeline/Pipeline.php(167): Illuminate\Http\Middleware\TrustProxies->handle()
#58 /www/wwwroot/worawisith.sv3.gramick.dev/laravel/vendor/laravel/framework/src/Illuminate/Pipeline/Pipeline.php(103): Illuminate\Pipeline\Pipeline->Illuminate\Pipeline\{closure}()
#59 /www/wwwroot/worawisith.sv3.gramick.dev/laravel/vendor/laravel/framework/src/Illuminate/Foundation/Http/Kernel.php(142): Illuminate\Pipeline\Pipeline->then()
#60 /www/wwwroot/worawisith.sv3.gramick.dev/laravel/vendor/laravel/framework/src/Illuminate/Foundation/Http/Kernel.php(111): Illuminate\Foundation\Http\Kernel->sendRequestThroughRouter()
#61 /www/wwwroot/worawisith.sv3.gramick.dev/index.php(52): Illuminate\Foundation\Http\Kernel->handle()
#62 {main}  
[2021-11-10 02:54:25] local.INFO: BannerController : create  
[2021-11-10 02:54:25] local.INFO: array (
  'titlePage' => 'สร้างข้อมูล Banner',
  'DataTimeThaiFull' => 'ข้อมูล ณ วันที่ 10 พฤศจิกายน 2564 เวลา 02:54:25 น.',
  'sort_number' => 2,
)  
[2021-11-10 02:56:12] local.INFO: BannerController : store  
[2021-11-10 02:56:12] local.ERROR: PDOException: SQLSTATE[HY000]: General error: 1364 Field 'id' doesn't have a default value in /www/wwwroot/worawisith.sv3.gramick.dev/laravel/vendor/laravel/framework/src/Illuminate/Database/Connection.php:492
Stack trace:
#0 /www/wwwroot/worawisith.sv3.gramick.dev/laravel/vendor/laravel/framework/src/Illuminate/Database/Connection.php(492): PDOStatement->execute()
#1 /www/wwwroot/worawisith.sv3.gramick.dev/laravel/vendor/laravel/framework/src/Illuminate/Database/Connection.php(696): Illuminate\Database\Connection->Illuminate\Database\{closure}()
#2 /www/wwwroot/worawisith.sv3.gramick.dev/laravel/vendor/laravel/framework/src/Illuminate/Database/Connection.php(663): Illuminate\Database\Connection->runQueryCallback()
#3 /www/wwwroot/worawisith.sv3.gramick.dev/laravel/vendor/laravel/framework/src/Illuminate/Database/Connection.php(493): Illuminate\Database\Connection->run()
#4 /www/wwwroot/worawisith.sv3.gramick.dev/laravel/vendor/laravel/framework/src/Illuminate/Database/Connection.php(445): Illuminate\Database\Connection->statement()
#5 /www/wwwroot/worawisith.sv3.gramick.dev/laravel/vendor/laravel/framework/src/Illuminate/Database/Query/Processors/Processor.php(32): Illuminate\Database\Connection->insert()
#6 /www/wwwroot/worawisith.sv3.gramick.dev/laravel/vendor/laravel/framework/src/Illuminate/Database/Query/Builder.php(2965): Illuminate\Database\Query\Processors\Processor->processInsertGetId()
#7 /www/wwwroot/worawisith.sv3.gramick.dev/laravel/vendor/laravel/framework/src/Illuminate/Database/Eloquent/Builder.php(1641): Illuminate\Database\Query\Builder->insertGetId()
#8 /www/wwwroot/worawisith.sv3.gramick.dev/laravel/vendor/laravel/framework/src/Illuminate/Database/Eloquent/Model.php(1188): Illuminate\Database\Eloquent\Builder->__call()
#9 /www/wwwroot/worawisith.sv3.gramick.dev/laravel/vendor/laravel/framework/src/Illuminate/Database/Eloquent/Model.php(1153): Illuminate\Database\Eloquent\Model->insertAndSetId()
#10 /www/wwwroot/worawisith.sv3.gramick.dev/laravel/vendor/laravel/framework/src/Illuminate/Database/Eloquent/Model.php(994): Illuminate\Database\Eloquent\Model->performInsert()
#11 /www/wwwroot/worawisith.sv3.gramick.dev/laravel/app/Http/Controllers/backend/BannerController.php(112): Illuminate\Database\Eloquent\Model->save()
#12 /www/wwwroot/worawisith.sv3.gramick.dev/laravel/vendor/laravel/framework/src/Illuminate/Routing/Controller.php(54): App\Http\Controllers\backend\BannerController->store()
#13 /www/wwwroot/worawisith.sv3.gramick.dev/laravel/vendor/laravel/framework/src/Illuminate/Routing/ControllerDispatcher.php(45): Illuminate\Routing\Controller->callAction()
#14 /www/wwwroot/worawisith.sv3.gramick.dev/laravel/vendor/laravel/framework/src/Illuminate/Routing/Route.php(262): Illuminate\Routing\ControllerDispatcher->dispatch()
#15 /www/wwwroot/worawisith.sv3.gramick.dev/laravel/vendor/laravel/framework/src/Illuminate/Routing/Route.php(205): Illuminate\Routing\Route->runController()
#16 /www/wwwroot/worawisith.sv3.gramick.dev/laravel/vendor/laravel/framework/src/Illuminate/Routing/Router.php(695): Illuminate\Routing\Route->run()
#17 /www/wwwroot/worawisith.sv3.gramick.dev/laravel/vendor/laravel/framework/src/Illuminate/Pipeline/Pipeline.php(128): Illuminate\Routing\Router->Illuminate\Routing\{closure}()
#18 /www/wwwroot/worawisith.sv3.gramick.dev/laravel/app/Http/Middleware/Language.php(21): Illuminate\Pipeline\Pipeline->Illuminate\Pipeline\{closure}()
#19 /www/wwwroot/worawisith.sv3.gramick.dev/laravel/vendor/laravel/framework/src/Illuminate/Pipeline/Pipeline.php(167): App\Http\Middleware\Language->handle()
#20 /www/wwwroot/worawisith.sv3.gramick.dev/laravel/vendor/laravel/framework/src/Illuminate/Routing/Middleware/SubstituteBindings.php(50): Illuminate\Pipeline\Pipeline->Illuminate\Pipeline\{closure}()
#21 /www/wwwroot/worawisith.sv3.gramick.dev/laravel/vendor/laravel/framework/src/Illuminate/Pipeline/Pipeline.php(167): Illuminate\Routing\Middleware\SubstituteBindings->handle()
#22 /www/wwwroot/worawisith.sv3.gramick.dev/laravel/vendor/laravel/framework/src/Illuminate/Auth/Middleware/Authenticate.php(44): Illuminate\Pipeline\Pipeline->Illuminate\Pipeline\{closure}()
#23 /www/wwwroot/worawisith.sv3.gramick.dev/laravel/vendor/laravel/framework/src/Illuminate/Pipeline/Pipeline.php(167): Illuminate\Auth\Middleware\Authenticate->handle()
#24 /www/wwwroot/worawisith.sv3.gramick.dev/laravel/vendor/laravel/framework/src/Illuminate/Foundation/Http/Middleware/VerifyCsrfToken.php(78): Illuminate\Pipeline\Pipeline->Illuminate\Pipeline\{closure}()
#25 /www/wwwroot/worawisith.sv3.gramick.dev/laravel/vendor/laravel/framework/src/Illuminate/Pipeline/Pipeline.php(167): Illuminate\Foundation\Http\Middleware\VerifyCsrfToken->handle()
#26 /www/wwwroot/worawisith.sv3.gramick.dev/laravel/vendor/laravel/framework/src/Illuminate/View/Middleware/ShareErrorsFromSession.php(49): Illuminate\Pipeline\Pipeline->Illuminate\Pipeline\{closure}()
#27 /www/wwwroot/worawisith.sv3.gramick.dev/laravel/vendor/laravel/framework/src/Illuminate/Pipeline/Pipeline.php(167): Illuminate\View\Middleware\ShareErrorsFromSession->handle()
#28 /www/wwwroot/worawisith.sv3.gramick.dev/laravel/vendor/laravel/framework/src/Illuminate/Session/Middleware/StartSession.php(121): Illuminate\Pipeline\Pipeline->Illuminate\Pipeline\{closure}()
#29 /www/wwwroot/worawisith.sv3.gramick.dev/laravel/vendor/laravel/framework/src/Illuminate/Session/Middleware/StartSession.php(64): Illuminate\Session\Middleware\StartSession->handleStatefulRequest()
#30 /www/wwwroot/worawisith.sv3.gramick.dev/laravel/vendor/laravel/framework/src/Illuminate/Pipeline/Pipeline.php(167): Illuminate\Session\Middleware\StartSession->handle()
#31 /www/wwwroot/worawisith.sv3.gramick.dev/laravel/vendor/laravel/framework/src/Illuminate/Cookie/Middleware/AddQueuedCookiesToResponse.php(37): Illuminate\Pipeline\Pipeline->Illuminate\Pipeline\{closure}()
#32 /www/wwwroot/worawisith.sv3.gramick.dev/laravel/vendor/laravel/framework/src/Illuminate/Pipeline/Pipeline.php(167): Illuminate\Cookie\Middleware\AddQueuedCookiesToResponse->handle()
#33 /www/wwwroot/worawisith.sv3.gramick.dev/laravel/vendor/laravel/framework/src/Illuminate/Cookie/Middleware/EncryptCookies.php(67): Illuminate\Pipeline\Pipeline->Illuminate\Pipeline\{closure}()
#34 /www/wwwroot/worawisith.sv3.gramick.dev/laravel/vendor/laravel/framework/src/Illuminate/Pipeline/Pipeline.php(167): Illuminate\Cookie\Middleware\EncryptCookies->handle()
#35 /www/wwwroot/worawisith.sv3.gramick.dev/laravel/vendor/laravel/framework/src/Illuminate/Pipeline/Pipeline.php(103): Illuminate\Pipeline\Pipeline->Illuminate\Pipeline\{closure}()
#36 /www/wwwroot/worawisith.sv3.gramick.dev/laravel/vendor/laravel/framework/src/Illuminate/Routing/Router.php(697): Illuminate\Pipeline\Pipeline->then()
#37 /www/wwwroot/worawisith.sv3.gramick.dev/laravel/vendor/laravel/framework/src/Illuminate/Routing/Router.php(672): Illuminate\Routing\Router->runRouteWithinStack()
#38 /www/wwwroot/worawisith.sv3.gramick.dev/laravel/vendor/laravel/framework/src/Illuminate/Routing/Router.php(636): Illuminate\Routing\Router->runRoute()
#39 /www/wwwroot/worawisith.sv3.gramick.dev/laravel/vendor/laravel/framework/src/Illuminate/Routing/Router.php(625): Illuminate\Routing\Router->dispatchToRoute()
#40 /www/wwwroot/worawisith.sv3.gramick.dev/laravel/vendor/laravel/framework/src/Illuminate/Foundation/Http/Kernel.php(167): Illuminate\Routing\Router->dispatch()
#41 /www/wwwroot/worawisith.sv3.gramick.dev/laravel/vendor/laravel/framework/src/Illuminate/Pipeline/Pipeline.php(128): Illuminate\Foundation\Http\Kernel->Illuminate\Foundation\Http\{closure}()
#42 /www/wwwroot/worawisith.sv3.gramick.dev/laravel/vendor/barryvdh/laravel-debugbar/src/Middleware/InjectDebugbar.php(67): Illuminate\Pipeline\Pipeline->Illuminate\Pipeline\{closure}()
#43 /www/wwwroot/worawisith.sv3.gramick.dev/laravel/vendor/laravel/framework/src/Illuminate/Pipeline/Pipeline.php(167): Barryvdh\Debugbar\Middleware\InjectDebugbar->handle()
#44 /www/wwwroot/worawisith.sv3.gramick.dev/laravel/app/Http/Middleware/Language.php(21): Illuminate\Pipeline\Pipeline->Illuminate\Pipeline\{closure}()
#45 /www/wwwroot/worawisith.sv3.gramick.dev/laravel/vendor/laravel/framework/src/Illuminate/Pipeline/Pipeline.php(167): App\Http\Middleware\Language->handle()
#46 /www/wwwroot/worawisith.sv3.gramick.dev/laravel/vendor/laravel/framework/src/Illuminate/Foundation/Http/Middleware/TransformsRequest.php(21): Illuminate\Pipeline\Pipeline->Illuminate\Pipeline\{closure}()
#47 /www/wwwroot/worawisith.sv3.gramick.dev/laravel/vendor/laravel/framework/src/Illuminate/Foundation/Http/Middleware/ConvertEmptyStringsToNull.php(31): Illuminate\Foundation\Http\Middleware\TransformsRequest->handle()
#48 /www/wwwroot/worawisith.sv3.gramick.dev/laravel/vendor/laravel/framework/src/Illuminate/Pipeline/Pipeline.php(167): Illuminate\Foundation\Http\Middleware\ConvertEmptyStringsToNull->handle()
#49 /www/wwwroot/worawisith.sv3.gramick.dev/laravel/vendor/laravel/framework/src/Illuminate/Foundation/Http/Middleware/TransformsRequest.php(21): Illuminate\Pipeline\Pipeline->Illuminate\Pipeline\{closure}()
#50 /www/wwwroot/worawisith.sv3.gramick.dev/laravel/vendor/laravel/framework/src/Illuminate/Foundation/Http/Middleware/TrimStrings.php(40): Illuminate\Foundation\Http\Middleware\TransformsRequest->handle()
#51 /www/wwwroot/worawisith.sv3.gramick.dev/laravel/vendor/laravel/framework/src/Illuminate/Pipeline/Pipeline.php(167): Illuminate\Foundation\Http\Middleware\TrimStrings->handle()
#52 /www/wwwroot/worawisith.sv3.gramick.dev/laravel/vendor/laravel/framework/src/Illuminate/Foundation/Http/Middleware/ValidatePostSize.php(27): Illuminate\Pipeline\Pipeline->Illuminate\Pipeline\{closure}()
#53 /www/wwwroot/worawisith.sv3.gramick.dev/laravel/vendor/laravel/framework/src/Illuminate/Pipeline/Pipeline.php(167): Illuminate\Foundation\Http\Middleware\ValidatePostSize->handle()
#54 /www/wwwroot/worawisith.sv3.gramick.dev/laravel/vendor/laravel/framework/src/Illuminate/Foundation/Http/Middleware/PreventRequestsDuringMaintenance.php(86): Illuminate\Pipeline\Pipeline->Illuminate\Pipeline\{closure}()
#55 /www/wwwroot/worawisith.sv3.gramick.dev/laravel/vendor/laravel/framework/src/Illuminate/Pipeline/Pipeline.php(167): Illuminate\Foundation\Http\Middleware\PreventRequestsDuringMaintenance->handle()
#56 /www/wwwroot/worawisith.sv3.gramick.dev/laravel/vendor/fruitcake/laravel-cors/src/HandleCors.php(38): Illuminate\Pipeline\Pipeline->Illuminate\Pipeline\{closure}()
#57 /www/wwwroot/worawisith.sv3.gramick.dev/laravel/vendor/laravel/framework/src/Illuminate/Pipeline/Pipeline.php(167): Fruitcake\Cors\HandleCors->handle()
#58 /www/wwwroot/worawisith.sv3.gramick.dev/laravel/vendor/laravel/framework/src/Illuminate/Http/Middleware/TrustProxies.php(39): Illuminate\Pipeline\Pipeline->Illuminate\Pipeline\{closure}()
#59 /www/wwwroot/worawisith.sv3.gramick.dev/laravel/vendor/laravel/framework/src/Illuminate/Pipeline/Pipeline.php(167): Illuminate\Http\Middleware\TrustProxies->handle()
#60 /www/wwwroot/worawisith.sv3.gramick.dev/laravel/vendor/laravel/framework/src/Illuminate/Pipeline/Pipeline.php(103): Illuminate\Pipeline\Pipeline->Illuminate\Pipeline\{closure}()
#61 /www/wwwroot/worawisith.sv3.gramick.dev/laravel/vendor/laravel/framework/src/Illuminate/Foundation/Http/Kernel.php(142): Illuminate\Pipeline\Pipeline->then()
#62 /www/wwwroot/worawisith.sv3.gramick.dev/laravel/vendor/laravel/framework/src/Illuminate/Foundation/Http/Kernel.php(111): Illuminate\Foundation\Http\Kernel->sendRequestThroughRouter()
#63 /www/wwwroot/worawisith.sv3.gramick.dev/index.php(52): Illuminate\Foundation\Http\Kernel->handle()
#64 {main}

Next Illuminate\Database\QueryException: SQLSTATE[HY000]: General error: 1364 Field 'id' doesn't have a default value (SQL: insert into `banner` (`tilte_th`, `tilte_en`, `detail_th`, `detail_en`, `active_status`, `display_status`, `sort_number`, `ip_address`, `created_by`, `updated_by`, `updated_at`, `created_at`) values (Test, Test, Test, Test, 1, 1, 2, 49.228.229.67, 1, 1, 2021-11-10 02:56:12, 2021-11-10 02:56:12)) in /www/wwwroot/worawisith.sv3.gramick.dev/laravel/vendor/laravel/framework/src/Illuminate/Database/Connection.php:703
Stack trace:
#0 /www/wwwroot/worawisith.sv3.gramick.dev/laravel/vendor/laravel/framework/src/Illuminate/Database/Connection.php(663): Illuminate\Database\Connection->runQueryCallback()
#1 /www/wwwroot/worawisith.sv3.gramick.dev/laravel/vendor/laravel/framework/src/Illuminate/Database/Connection.php(493): Illuminate\Database\Connection->run()
#2 /www/wwwroot/worawisith.sv3.gramick.dev/laravel/vendor/laravel/framework/src/Illuminate/Database/Connection.php(445): Illuminate\Database\Connection->statement()
#3 /www/wwwroot/worawisith.sv3.gramick.dev/laravel/vendor/laravel/framework/src/Illuminate/Database/Query/Processors/Processor.php(32): Illuminate\Database\Connection->insert()
#4 /www/wwwroot/worawisith.sv3.gramick.dev/laravel/vendor/laravel/framework/src/Illuminate/Database/Query/Builder.php(2965): Illuminate\Database\Query\Processors\Processor->processInsertGetId()
#5 /www/wwwroot/worawisith.sv3.gramick.dev/laravel/vendor/laravel/framework/src/Illuminate/Database/Eloquent/Builder.php(1641): Illuminate\Database\Query\Builder->insertGetId()
#6 /www/wwwroot/worawisith.sv3.gramick.dev/laravel/vendor/laravel/framework/src/Illuminate/Database/Eloquent/Model.php(1188): Illuminate\Database\Eloquent\Builder->__call()
#7 /www/wwwroot/worawisith.sv3.gramick.dev/laravel/vendor/laravel/framework/src/Illuminate/Database/Eloquent/Model.php(1153): Illuminate\Database\Eloquent\Model->insertAndSetId()
#8 /www/wwwroot/worawisith.sv3.gramick.dev/laravel/vendor/laravel/framework/src/Illuminate/Database/Eloquent/Model.php(994): Illuminate\Database\Eloquent\Model->performInsert()
#9 /www/wwwroot/worawisith.sv3.gramick.dev/laravel/app/Http/Controllers/backend/BannerController.php(112): Illuminate\Database\Eloquent\Model->save()
#10 /www/wwwroot/worawisith.sv3.gramick.dev/laravel/vendor/laravel/framework/src/Illuminate/Routing/Controller.php(54): App\Http\Controllers\backend\BannerController->store()
#11 /www/wwwroot/worawisith.sv3.gramick.dev/laravel/vendor/laravel/framework/src/Illuminate/Routing/ControllerDispatcher.php(45): Illuminate\Routing\Controller->callAction()
#12 /www/wwwroot/worawisith.sv3.gramick.dev/laravel/vendor/laravel/framework/src/Illuminate/Routing/Route.php(262): Illuminate\Routing\ControllerDispatcher->dispatch()
#13 /www/wwwroot/worawisith.sv3.gramick.dev/laravel/vendor/laravel/framework/src/Illuminate/Routing/Route.php(205): Illuminate\Routing\Route->runController()
#14 /www/wwwroot/worawisith.sv3.gramick.dev/laravel/vendor/laravel/framework/src/Illuminate/Routing/Router.php(695): Illuminate\Routing\Route->run()
#15 /www/wwwroot/worawisith.sv3.gramick.dev/laravel/vendor/laravel/framework/src/Illuminate/Pipeline/Pipeline.php(128): Illuminate\Routing\Router->Illuminate\Routing\{closure}()
#16 /www/wwwroot/worawisith.sv3.gramick.dev/laravel/app/Http/Middleware/Language.php(21): Illuminate\Pipeline\Pipeline->Illuminate\Pipeline\{closure}()
#17 /www/wwwroot/worawisith.sv3.gramick.dev/laravel/vendor/laravel/framework/src/Illuminate/Pipeline/Pipeline.php(167): App\Http\Middleware\Language->handle()
#18 /www/wwwroot/worawisith.sv3.gramick.dev/laravel/vendor/laravel/framework/src/Illuminate/Routing/Middleware/SubstituteBindings.php(50): Illuminate\Pipeline\Pipeline->Illuminate\Pipeline\{closure}()
#19 /www/wwwroot/worawisith.sv3.gramick.dev/laravel/vendor/laravel/framework/src/Illuminate/Pipeline/Pipeline.php(167): Illuminate\Routing\Middleware\SubstituteBindings->handle()
#20 /www/wwwroot/worawisith.sv3.gramick.dev/laravel/vendor/laravel/framework/src/Illuminate/Auth/Middleware/Authenticate.php(44): Illuminate\Pipeline\Pipeline->Illuminate\Pipeline\{closure}()
#21 /www/wwwroot/worawisith.sv3.gramick.dev/laravel/vendor/laravel/framework/src/Illuminate/Pipeline/Pipeline.php(167): Illuminate\Auth\Middleware\Authenticate->handle()
#22 /www/wwwroot/worawisith.sv3.gramick.dev/laravel/vendor/laravel/framework/src/Illuminate/Foundation/Http/Middleware/VerifyCsrfToken.php(78): Illuminate\Pipeline\Pipeline->Illuminate\Pipeline\{closure}()
#23 /www/wwwroot/worawisith.sv3.gramick.dev/laravel/vendor/laravel/framework/src/Illuminate/Pipeline/Pipeline.php(167): Illuminate\Foundation\Http\Middleware\VerifyCsrfToken->handle()
#24 /www/wwwroot/worawisith.sv3.gramick.dev/laravel/vendor/laravel/framework/src/Illuminate/View/Middleware/ShareErrorsFromSession.php(49): Illuminate\Pipeline\Pipeline->Illuminate\Pipeline\{closure}()
#25 /www/wwwroot/worawisith.sv3.gramick.dev/laravel/vendor/laravel/framework/src/Illuminate/Pipeline/Pipeline.php(167): Illuminate\View\Middleware\ShareErrorsFromSession->handle()
#26 /www/wwwroot/worawisith.sv3.gramick.dev/laravel/vendor/laravel/framework/src/Illuminate/Session/Middleware/StartSession.php(121): Illuminate\Pipeline\Pipeline->Illuminate\Pipeline\{closure}()
#27 /www/wwwroot/worawisith.sv3.gramick.dev/laravel/vendor/laravel/framework/src/Illuminate/Session/Middleware/StartSession.php(64): Illuminate\Session\Middleware\StartSession->handleStatefulRequest()
#28 /www/wwwroot/worawisith.sv3.gramick.dev/laravel/vendor/laravel/framework/src/Illuminate/Pipeline/Pipeline.php(167): Illuminate\Session\Middleware\StartSession->handle()
#29 /www/wwwroot/worawisith.sv3.gramick.dev/laravel/vendor/laravel/framework/src/Illuminate/Cookie/Middleware/AddQueuedCookiesToResponse.php(37): Illuminate\Pipeline\Pipeline->Illuminate\Pipeline\{closure}()
#30 /www/wwwroot/worawisith.sv3.gramick.dev/laravel/vendor/laravel/framework/src/Illuminate/Pipeline/Pipeline.php(167): Illuminate\Cookie\Middleware\AddQueuedCookiesToResponse->handle()
#31 /www/wwwroot/worawisith.sv3.gramick.dev/laravel/vendor/laravel/framework/src/Illuminate/Cookie/Middleware/EncryptCookies.php(67): Illuminate\Pipeline\Pipeline->Illuminate\Pipeline\{closure}()
#32 /www/wwwroot/worawisith.sv3.gramick.dev/laravel/vendor/laravel/framework/src/Illuminate/Pipeline/Pipeline.php(167): Illuminate\Cookie\Middleware\EncryptCookies->handle()
#33 /www/wwwroot/worawisith.sv3.gramick.dev/laravel/vendor/laravel/framework/src/Illuminate/Pipeline/Pipeline.php(103): Illuminate\Pipeline\Pipeline->Illuminate\Pipeline\{closure}()
#34 /www/wwwroot/worawisith.sv3.gramick.dev/laravel/vendor/laravel/framework/src/Illuminate/Routing/Router.php(697): Illuminate\Pipeline\Pipeline->then()
#35 /www/wwwroot/worawisith.sv3.gramick.dev/laravel/vendor/laravel/framework/src/Illuminate/Routing/Router.php(672): Illuminate\Routing\Router->runRouteWithinStack()
#36 /www/wwwroot/worawisith.sv3.gramick.dev/laravel/vendor/laravel/framework/src/Illuminate/Routing/Router.php(636): Illuminate\Routing\Router->runRoute()
#37 /www/wwwroot/worawisith.sv3.gramick.dev/laravel/vendor/laravel/framework/src/Illuminate/Routing/Router.php(625): Illuminate\Routing\Router->dispatchToRoute()
#38 /www/wwwroot/worawisith.sv3.gramick.dev/laravel/vendor/laravel/framework/src/Illuminate/Foundation/Http/Kernel.php(167): Illuminate\Routing\Router->dispatch()
#39 /www/wwwroot/worawisith.sv3.gramick.dev/laravel/vendor/laravel/framework/src/Illuminate/Pipeline/Pipeline.php(128): Illuminate\Foundation\Http\Kernel->Illuminate\Foundation\Http\{closure}()
#40 /www/wwwroot/worawisith.sv3.gramick.dev/laravel/vendor/barryvdh/laravel-debugbar/src/Middleware/InjectDebugbar.php(67): Illuminate\Pipeline\Pipeline->Illuminate\Pipeline\{closure}()
#41 /www/wwwroot/worawisith.sv3.gramick.dev/laravel/vendor/laravel/framework/src/Illuminate/Pipeline/Pipeline.php(167): Barryvdh\Debugbar\Middleware\InjectDebugbar->handle()
#42 /www/wwwroot/worawisith.sv3.gramick.dev/laravel/app/Http/Middleware/Language.php(21): Illuminate\Pipeline\Pipeline->Illuminate\Pipeline\{closure}()
#43 /www/wwwroot/worawisith.sv3.gramick.dev/laravel/vendor/laravel/framework/src/Illuminate/Pipeline/Pipeline.php(167): App\Http\Middleware\Language->handle()
#44 /www/wwwroot/worawisith.sv3.gramick.dev/laravel/vendor/laravel/framework/src/Illuminate/Foundation/Http/Middleware/TransformsRequest.php(21): Illuminate\Pipeline\Pipeline->Illuminate\Pipeline\{closure}()
#45 /www/wwwroot/worawisith.sv3.gramick.dev/laravel/vendor/laravel/framework/src/Illuminate/Foundation/Http/Middleware/ConvertEmptyStringsToNull.php(31): Illuminate\Foundation\Http\Middleware\TransformsRequest->handle()
#46 /www/wwwroot/worawisith.sv3.gramick.dev/laravel/vendor/laravel/framework/src/Illuminate/Pipeline/Pipeline.php(167): Illuminate\Foundation\Http\Middleware\ConvertEmptyStringsToNull->handle()
#47 /www/wwwroot/worawisith.sv3.gramick.dev/laravel/vendor/laravel/framework/src/Illuminate/Foundation/Http/Middleware/TransformsRequest.php(21): Illuminate\Pipeline\Pipeline->Illuminate\Pipeline\{closure}()
#48 /www/wwwroot/worawisith.sv3.gramick.dev/laravel/vendor/laravel/framework/src/Illuminate/Foundation/Http/Middleware/TrimStrings.php(40): Illuminate\Foundation\Http\Middleware\TransformsRequest->handle()
#49 /www/wwwroot/worawisith.sv3.gramick.dev/laravel/vendor/laravel/framework/src/Illuminate/Pipeline/Pipeline.php(167): Illuminate\Foundation\Http\Middleware\TrimStrings->handle()
#50 /www/wwwroot/worawisith.sv3.gramick.dev/laravel/vendor/laravel/framework/src/Illuminate/Foundation/Http/Middleware/ValidatePostSize.php(27): Illuminate\Pipeline\Pipeline->Illuminate\Pipeline\{closure}()
#51 /www/wwwroot/worawisith.sv3.gramick.dev/laravel/vendor/laravel/framework/src/Illuminate/Pipeline/Pipeline.php(167): Illuminate\Foundation\Http\Middleware\ValidatePostSize->handle()
#52 /www/wwwroot/worawisith.sv3.gramick.dev/laravel/vendor/laravel/framework/src/Illuminate/Foundation/Http/Middleware/PreventRequestsDuringMaintenance.php(86): Illuminate\Pipeline\Pipeline->Illuminate\Pipeline\{closure}()
#53 /www/wwwroot/worawisith.sv3.gramick.dev/laravel/vendor/laravel/framework/src/Illuminate/Pipeline/Pipeline.php(167): Illuminate\Foundation\Http\Middleware\PreventRequestsDuringMaintenance->handle()
#54 /www/wwwroot/worawisith.sv3.gramick.dev/laravel/vendor/fruitcake/laravel-cors/src/HandleCors.php(38): Illuminate\Pipeline\Pipeline->Illuminate\Pipeline\{closure}()
#55 /www/wwwroot/worawisith.sv3.gramick.dev/laravel/vendor/laravel/framework/src/Illuminate/Pipeline/Pipeline.php(167): Fruitcake\Cors\HandleCors->handle()
#56 /www/wwwroot/worawisith.sv3.gramick.dev/laravel/vendor/laravel/framework/src/Illuminate/Http/Middleware/TrustProxies.php(39): Illuminate\Pipeline\Pipeline->Illuminate\Pipeline\{closure}()
#57 /www/wwwroot/worawisith.sv3.gramick.dev/laravel/vendor/laravel/framework/src/Illuminate/Pipeline/Pipeline.php(167): Illuminate\Http\Middleware\TrustProxies->handle()
#58 /www/wwwroot/worawisith.sv3.gramick.dev/laravel/vendor/laravel/framework/src/Illuminate/Pipeline/Pipeline.php(103): Illuminate\Pipeline\Pipeline->Illuminate\Pipeline\{closure}()
#59 /www/wwwroot/worawisith.sv3.gramick.dev/laravel/vendor/laravel/framework/src/Illuminate/Foundation/Http/Kernel.php(142): Illuminate\Pipeline\Pipeline->then()
#60 /www/wwwroot/worawisith.sv3.gramick.dev/laravel/vendor/laravel/framework/src/Illuminate/Foundation/Http/Kernel.php(111): Illuminate\Foundation\Http\Kernel->sendRequestThroughRouter()
#61 /www/wwwroot/worawisith.sv3.gramick.dev/index.php(52): Illuminate\Foundation\Http\Kernel->handle()
#62 {main}  
[2021-11-10 02:56:12] local.INFO: BannerController : create  
[2021-11-10 02:56:12] local.INFO: array (
  'titlePage' => 'สร้างข้อมูล Banner',
  'DataTimeThaiFull' => 'ข้อมูล ณ วันที่ 10 พฤศจิกายน 2564 เวลา 02:56:12 น.',
  'sort_number' => 2,
)  
[2021-11-10 02:59:31] local.INFO: BannerController : create  
[2021-11-10 02:59:31] local.INFO: array (
  'titlePage' => 'สร้างข้อมูล Banner',
  'DataTimeThaiFull' => 'ข้อมูล ณ วันที่ 10 พฤศจิกายน 2564 เวลา 02:59:31 น.',
  'sort_number' => 2,
)  
[2021-11-10 02:59:46] local.INFO: BannerController : store  
[2021-11-10 02:59:46] local.INFO: array (
  '_token' => '5AzXWl84nWUaiIPnA7pnEPnFEyArLcdNxurjsWfk',
  'sort_number' => '2',
  'tilte_th' => 'Test',
  'detail_th' => 'Test',
  'tilte_en' => 'Test',
  'detail_en' => 'Test',
  'image_banner_slide' => 
  Illuminate\Http\UploadedFile::__set_state(array(
     'test' => false,
     'originalName' => 'banner-welcome_01.jpg',
     'mimeType' => 'image/jpeg',
     'error' => 0,
     'hashName' => NULL,
  )),
)  
[2021-11-10 02:59:46] local.INFO: BannerController : index  
[2021-11-10 03:02:37] local.INFO: BannerController : create  
[2021-11-10 03:02:37] local.INFO: array (
  'titlePage' => 'สร้างข้อมูล Banner',
  'DataTimeThaiFull' => 'ข้อมูล ณ วันที่ 10 พฤศจิกายน 2564 เวลา 03:02:37 น.',
  'sort_number' => 3,
)  
[2021-11-10 03:02:48] local.ERROR: Undefined variable: fileName {"userId":1,"exception":"[object] (ErrorException(code: 0): Undefined variable: fileName at /www/wwwroot/worawisith.sv3.gramick.dev/laravel/app/Http/Controllers/backend/BannerController.php:129)
[stacktrace]
#0 /www/wwwroot/worawisith.sv3.gramick.dev/laravel/app/Http/Controllers/backend/BannerController.php(129): Illuminate\\Foundation\\Bootstrap\\HandleExceptions->handleError()
#1 /www/wwwroot/worawisith.sv3.gramick.dev/laravel/vendor/laravel/framework/src/Illuminate/Routing/Controller.php(54): App\\Http\\Controllers\\backend\\BannerController->store()
#2 /www/wwwroot/worawisith.sv3.gramick.dev/laravel/vendor/laravel/framework/src/Illuminate/Routing/ControllerDispatcher.php(45): Illuminate\\Routing\\Controller->callAction()
#3 /www/wwwroot/worawisith.sv3.gramick.dev/laravel/vendor/laravel/framework/src/Illuminate/Routing/Route.php(262): Illuminate\\Routing\\ControllerDispatcher->dispatch()
#4 /www/wwwroot/worawisith.sv3.gramick.dev/laravel/vendor/laravel/framework/src/Illuminate/Routing/Route.php(205): Illuminate\\Routing\\Route->runController()
#5 /www/wwwroot/worawisith.sv3.gramick.dev/laravel/vendor/laravel/framework/src/Illuminate/Routing/Router.php(695): Illuminate\\Routing\\Route->run()
#6 /www/wwwroot/worawisith.sv3.gramick.dev/laravel/vendor/laravel/framework/src/Illuminate/Pipeline/Pipeline.php(128): Illuminate\\Routing\\Router->Illuminate\\Routing\\{closure}()
#7 /www/wwwroot/worawisith.sv3.gramick.dev/laravel/app/Http/Middleware/Language.php(21): Illuminate\\Pipeline\\Pipeline->Illuminate\\Pipeline\\{closure}()
#8 /www/wwwroot/worawisith.sv3.gramick.dev/laravel/vendor/laravel/framework/src/Illuminate/Pipeline/Pipeline.php(167): App\\Http\\Middleware\\Language->handle()
#9 /www/wwwroot/worawisith.sv3.gramick.dev/laravel/vendor/laravel/framework/src/Illuminate/Routing/Middleware/SubstituteBindings.php(50): Illuminate\\Pipeline\\Pipeline->Illuminate\\Pipeline\\{closure}()
#10 /www/wwwroot/worawisith.sv3.gramick.dev/laravel/vendor/laravel/framework/src/Illuminate/Pipeline/Pipeline.php(167): Illuminate\\Routing\\Middleware\\SubstituteBindings->handle()
#11 /www/wwwroot/worawisith.sv3.gramick.dev/laravel/vendor/laravel/framework/src/Illuminate/Auth/Middleware/Authenticate.php(44): Illuminate\\Pipeline\\Pipeline->Illuminate\\Pipeline\\{closure}()
#12 /www/wwwroot/worawisith.sv3.gramick.dev/laravel/vendor/laravel/framework/src/Illuminate/Pipeline/Pipeline.php(167): Illuminate\\Auth\\Middleware\\Authenticate->handle()
#13 /www/wwwroot/worawisith.sv3.gramick.dev/laravel/vendor/laravel/framework/src/Illuminate/Foundation/Http/Middleware/VerifyCsrfToken.php(78): Illuminate\\Pipeline\\Pipeline->Illuminate\\Pipeline\\{closure}()
#14 /www/wwwroot/worawisith.sv3.gramick.dev/laravel/vendor/laravel/framework/src/Illuminate/Pipeline/Pipeline.php(167): Illuminate\\Foundation\\Http\\Middleware\\VerifyCsrfToken->handle()
#15 /www/wwwroot/worawisith.sv3.gramick.dev/laravel/vendor/laravel/framework/src/Illuminate/View/Middleware/ShareErrorsFromSession.php(49): Illuminate\\Pipeline\\Pipeline->Illuminate\\Pipeline\\{closure}()
#16 /www/wwwroot/worawisith.sv3.gramick.dev/laravel/vendor/laravel/framework/src/Illuminate/Pipeline/Pipeline.php(167): Illuminate\\View\\Middleware\\ShareErrorsFromSession->handle()
#17 /www/wwwroot/worawisith.sv3.gramick.dev/laravel/vendor/laravel/framework/src/Illuminate/Session/Middleware/StartSession.php(121): Illuminate\\Pipeline\\Pipeline->Illuminate\\Pipeline\\{closure}()
#18 /www/wwwroot/worawisith.sv3.gramick.dev/laravel/vendor/laravel/framework/src/Illuminate/Session/Middleware/StartSession.php(64): Illuminate\\Session\\Middleware\\StartSession->handleStatefulRequest()
#19 /www/wwwroot/worawisith.sv3.gramick.dev/laravel/vendor/laravel/framework/src/Illuminate/Pipeline/Pipeline.php(167): Illuminate\\Session\\Middleware\\StartSession->handle()
#20 /www/wwwroot/worawisith.sv3.gramick.dev/laravel/vendor/laravel/framework/src/Illuminate/Cookie/Middleware/AddQueuedCookiesToResponse.php(37): Illuminate\\Pipeline\\Pipeline->Illuminate\\Pipeline\\{closure}()
#21 /www/wwwroot/worawisith.sv3.gramick.dev/laravel/vendor/laravel/framework/src/Illuminate/Pipeline/Pipeline.php(167): Illuminate\\Cookie\\Middleware\\AddQueuedCookiesToResponse->handle()
#22 /www/wwwroot/worawisith.sv3.gramick.dev/laravel/vendor/laravel/framework/src/Illuminate/Cookie/Middleware/EncryptCookies.php(67): Illuminate\\Pipeline\\Pipeline->Illuminate\\Pipeline\\{closure}()
#23 /www/wwwroot/worawisith.sv3.gramick.dev/laravel/vendor/laravel/framework/src/Illuminate/Pipeline/Pipeline.php(167): Illuminate\\Cookie\\Middleware\\EncryptCookies->handle()
#24 /www/wwwroot/worawisith.sv3.gramick.dev/laravel/vendor/laravel/framework/src/Illuminate/Pipeline/Pipeline.php(103): Illuminate\\Pipeline\\Pipeline->Illuminate\\Pipeline\\{closure}()
#25 /www/wwwroot/worawisith.sv3.gramick.dev/laravel/vendor/laravel/framework/src/Illuminate/Routing/Router.php(697): Illuminate\\Pipeline\\Pipeline->then()
#26 /www/wwwroot/worawisith.sv3.gramick.dev/laravel/vendor/laravel/framework/src/Illuminate/Routing/Router.php(672): Illuminate\\Routing\\Router->runRouteWithinStack()
#27 /www/wwwroot/worawisith.sv3.gramick.dev/laravel/vendor/laravel/framework/src/Illuminate/Routing/Router.php(636): Illuminate\\Routing\\Router->runRoute()
#28 /www/wwwroot/worawisith.sv3.gramick.dev/laravel/vendor/laravel/framework/src/Illuminate/Routing/Router.php(625): Illuminate\\Routing\\Router->dispatchToRoute()
#29 /www/wwwroot/worawisith.sv3.gramick.dev/laravel/vendor/laravel/framework/src/Illuminate/Foundation/Http/Kernel.php(167): Illuminate\\Routing\\Router->dispatch()
#30 /www/wwwroot/worawisith.sv3.gramick.dev/laravel/vendor/laravel/framework/src/Illuminate/Pipeline/Pipeline.php(128): Illuminate\\Foundation\\Http\\Kernel->Illuminate\\Foundation\\Http\\{closure}()
#31 /www/wwwroot/worawisith.sv3.gramick.dev/laravel/vendor/barryvdh/laravel-debugbar/src/Middleware/InjectDebugbar.php(67): Illuminate\\Pipeline\\Pipeline->Illuminate\\Pipeline\\{closure}()
#32 /www/wwwroot/worawisith.sv3.gramick.dev/laravel/vendor/laravel/framework/src/Illuminate/Pipeline/Pipeline.php(167): Barryvdh\\Debugbar\\Middleware\\InjectDebugbar->handle()
#33 /www/wwwroot/worawisith.sv3.gramick.dev/laravel/app/Http/Middleware/Language.php(21): Illuminate\\Pipeline\\Pipeline->Illuminate\\Pipeline\\{closure}()
#34 /www/wwwroot/worawisith.sv3.gramick.dev/laravel/vendor/laravel/framework/src/Illuminate/Pipeline/Pipeline.php(167): App\\Http\\Middleware\\Language->handle()
#35 /www/wwwroot/worawisith.sv3.gramick.dev/laravel/vendor/laravel/framework/src/Illuminate/Foundation/Http/Middleware/TransformsRequest.php(21): Illuminate\\Pipeline\\Pipeline->Illuminate\\Pipeline\\{closure}()
#36 /www/wwwroot/worawisith.sv3.gramick.dev/laravel/vendor/laravel/framework/src/Illuminate/Foundation/Http/Middleware/ConvertEmptyStringsToNull.php(31): Illuminate\\Foundation\\Http\\Middleware\\TransformsRequest->handle()
#37 /www/wwwroot/worawisith.sv3.gramick.dev/laravel/vendor/laravel/framework/src/Illuminate/Pipeline/Pipeline.php(167): Illuminate\\Foundation\\Http\\Middleware\\ConvertEmptyStringsToNull->handle()
#38 /www/wwwroot/worawisith.sv3.gramick.dev/laravel/vendor/laravel/framework/src/Illuminate/Foundation/Http/Middleware/TransformsRequest.php(21): Illuminate\\Pipeline\\Pipeline->Illuminate\\Pipeline\\{closure}()
#39 /www/wwwroot/worawisith.sv3.gramick.dev/laravel/vendor/laravel/framework/src/Illuminate/Foundation/Http/Middleware/TrimStrings.php(40): Illuminate\\Foundation\\Http\\Middleware\\TransformsRequest->handle()
#40 /www/wwwroot/worawisith.sv3.gramick.dev/laravel/vendor/laravel/framework/src/Illuminate/Pipeline/Pipeline.php(167): Illuminate\\Foundation\\Http\\Middleware\\TrimStrings->handle()
#41 /www/wwwroot/worawisith.sv3.gramick.dev/laravel/vendor/laravel/framework/src/Illuminate/Foundation/Http/Middleware/ValidatePostSize.php(27): Illuminate\\Pipeline\\Pipeline->Illuminate\\Pipeline\\{closure}()
#42 /www/wwwroot/worawisith.sv3.gramick.dev/laravel/vendor/laravel/framework/src/Illuminate/Pipeline/Pipeline.php(167): Illuminate\\Foundation\\Http\\Middleware\\ValidatePostSize->handle()
#43 /www/wwwroot/worawisith.sv3.gramick.dev/laravel/vendor/laravel/framework/src/Illuminate/Foundation/Http/Middleware/PreventRequestsDuringMaintenance.php(86): Illuminate\\Pipeline\\Pipeline->Illuminate\\Pipeline\\{closure}()
#44 /www/wwwroot/worawisith.sv3.gramick.dev/laravel/vendor/laravel/framework/src/Illuminate/Pipeline/Pipeline.php(167): Illuminate\\Foundation\\Http\\Middleware\\PreventRequestsDuringMaintenance->handle()
#45 /www/wwwroot/worawisith.sv3.gramick.dev/laravel/vendor/fruitcake/laravel-cors/src/HandleCors.php(38): Illuminate\\Pipeline\\Pipeline->Illuminate\\Pipeline\\{closure}()
#46 /www/wwwroot/worawisith.sv3.gramick.dev/laravel/vendor/laravel/framework/src/Illuminate/Pipeline/Pipeline.php(167): Fruitcake\\Cors\\HandleCors->handle()
#47 /www/wwwroot/worawisith.sv3.gramick.dev/laravel/vendor/laravel/framework/src/Illuminate/Http/Middleware/TrustProxies.php(39): Illuminate\\Pipeline\\Pipeline->Illuminate\\Pipeline\\{closure}()
#48 /www/wwwroot/worawisith.sv3.gramick.dev/laravel/vendor/laravel/framework/src/Illuminate/Pipeline/Pipeline.php(167): Illuminate\\Http\\Middleware\\TrustProxies->handle()
#49 /www/wwwroot/worawisith.sv3.gramick.dev/laravel/vendor/laravel/framework/src/Illuminate/Pipeline/Pipeline.php(103): Illuminate\\Pipeline\\Pipeline->Illuminate\\Pipeline\\{closure}()
#50 /www/wwwroot/worawisith.sv3.gramick.dev/laravel/vendor/laravel/framework/src/Illuminate/Foundation/Http/Kernel.php(142): Illuminate\\Pipeline\\Pipeline->then()
#51 /www/wwwroot/worawisith.sv3.gramick.dev/laravel/vendor/laravel/framework/src/Illuminate/Foundation/Http/Kernel.php(111): Illuminate\\Foundation\\Http\\Kernel->sendRequestThroughRouter()
#52 /www/wwwroot/worawisith.sv3.gramick.dev/index.php(52): Illuminate\\Foundation\\Http\\Kernel->handle()
#53 {main}
"} 
[2021-11-10 03:03:06] local.ERROR: Can't write image data to path (../assets/frontend/img/banner/6/banner-welcome_01.jpg) {"userId":1,"exception":"[object] (Intervention\\Image\\Exception\\NotWritableException(code: 0): Can't write image data to path (../assets/frontend/img/banner/6/banner-welcome_01.jpg) at /www/wwwroot/worawisith.sv3.gramick.dev/laravel/vendor/intervention/image/src/Intervention/Image/Image.php:150)
[stacktrace]
#0 /www/wwwroot/worawisith.sv3.gramick.dev/laravel/app/Http/Controllers/backend/BannerController.php(129): Intervention\\Image\\Image->save()
#1 /www/wwwroot/worawisith.sv3.gramick.dev/laravel/vendor/laravel/framework/src/Illuminate/Routing/Controller.php(54): App\\Http\\Controllers\\backend\\BannerController->store()
#2 /www/wwwroot/worawisith.sv3.gramick.dev/laravel/vendor/laravel/framework/src/Illuminate/Routing/ControllerDispatcher.php(45): Illuminate\\Routing\\Controller->callAction()
#3 /www/wwwroot/worawisith.sv3.gramick.dev/laravel/vendor/laravel/framework/src/Illuminate/Routing/Route.php(262): Illuminate\\Routing\\ControllerDispatcher->dispatch()
#4 /www/wwwroot/worawisith.sv3.gramick.dev/laravel/vendor/laravel/framework/src/Illuminate/Routing/Route.php(205): Illuminate\\Routing\\Route->runController()
#5 /www/wwwroot/worawisith.sv3.gramick.dev/laravel/vendor/laravel/framework/src/Illuminate/Routing/Router.php(695): Illuminate\\Routing\\Route->run()
#6 /www/wwwroot/worawisith.sv3.gramick.dev/laravel/vendor/laravel/framework/src/Illuminate/Pipeline/Pipeline.php(128): Illuminate\\Routing\\Router->Illuminate\\Routing\\{closure}()
#7 /www/wwwroot/worawisith.sv3.gramick.dev/laravel/app/Http/Middleware/Language.php(21): Illuminate\\Pipeline\\Pipeline->Illuminate\\Pipeline\\{closure}()
#8 /www/wwwroot/worawisith.sv3.gramick.dev/laravel/vendor/laravel/framework/src/Illuminate/Pipeline/Pipeline.php(167): App\\Http\\Middleware\\Language->handle()
#9 /www/wwwroot/worawisith.sv3.gramick.dev/laravel/vendor/laravel/framework/src/Illuminate/Routing/Middleware/SubstituteBindings.php(50): Illuminate\\Pipeline\\Pipeline->Illuminate\\Pipeline\\{closure}()
#10 /www/wwwroot/worawisith.sv3.gramick.dev/laravel/vendor/laravel/framework/src/Illuminate/Pipeline/Pipeline.php(167): Illuminate\\Routing\\Middleware\\SubstituteBindings->handle()
#11 /www/wwwroot/worawisith.sv3.gramick.dev/laravel/vendor/laravel/framework/src/Illuminate/Auth/Middleware/Authenticate.php(44): Illuminate\\Pipeline\\Pipeline->Illuminate\\Pipeline\\{closure}()
#12 /www/wwwroot/worawisith.sv3.gramick.dev/laravel/vendor/laravel/framework/src/Illuminate/Pipeline/Pipeline.php(167): Illuminate\\Auth\\Middleware\\Authenticate->handle()
#13 /www/wwwroot/worawisith.sv3.gramick.dev/laravel/vendor/laravel/framework/src/Illuminate/Foundation/Http/Middleware/VerifyCsrfToken.php(78): Illuminate\\Pipeline\\Pipeline->Illuminate\\Pipeline\\{closure}()
#14 /www/wwwroot/worawisith.sv3.gramick.dev/laravel/vendor/laravel/framework/src/Illuminate/Pipeline/Pipeline.php(167): Illuminate\\Foundation\\Http\\Middleware\\VerifyCsrfToken->handle()
#15 /www/wwwroot/worawisith.sv3.gramick.dev/laravel/vendor/laravel/framework/src/Illuminate/View/Middleware/ShareErrorsFromSession.php(49): Illuminate\\Pipeline\\Pipeline->Illuminate\\Pipeline\\{closure}()
#16 /www/wwwroot/worawisith.sv3.gramick.dev/laravel/vendor/laravel/framework/src/Illuminate/Pipeline/Pipeline.php(167): Illuminate\\View\\Middleware\\ShareErrorsFromSession->handle()
#17 /www/wwwroot/worawisith.sv3.gramick.dev/laravel/vendor/laravel/framework/src/Illuminate/Session/Middleware/StartSession.php(121): Illuminate\\Pipeline\\Pipeline->Illuminate\\Pipeline\\{closure}()
#18 /www/wwwroot/worawisith.sv3.gramick.dev/laravel/vendor/laravel/framework/src/Illuminate/Session/Middleware/StartSession.php(64): Illuminate\\Session\\Middleware\\StartSession->handleStatefulRequest()
#19 /www/wwwroot/worawisith.sv3.gramick.dev/laravel/vendor/laravel/framework/src/Illuminate/Pipeline/Pipeline.php(167): Illuminate\\Session\\Middleware\\StartSession->handle()
#20 /www/wwwroot/worawisith.sv3.gramick.dev/laravel/vendor/laravel/framework/src/Illuminate/Cookie/Middleware/AddQueuedCookiesToResponse.php(37): Illuminate\\Pipeline\\Pipeline->Illuminate\\Pipeline\\{closure}()
#21 /www/wwwroot/worawisith.sv3.gramick.dev/laravel/vendor/laravel/framework/src/Illuminate/Pipeline/Pipeline.php(167): Illuminate\\Cookie\\Middleware\\AddQueuedCookiesToResponse->handle()
#22 /www/wwwroot/worawisith.sv3.gramick.dev/laravel/vendor/laravel/framework/src/Illuminate/Cookie/Middleware/EncryptCookies.php(67): Illuminate\\Pipeline\\Pipeline->Illuminate\\Pipeline\\{closure}()
#23 /www/wwwroot/worawisith.sv3.gramick.dev/laravel/vendor/laravel/framework/src/Illuminate/Pipeline/Pipeline.php(167): Illuminate\\Cookie\\Middleware\\EncryptCookies->handle()
#24 /www/wwwroot/worawisith.sv3.gramick.dev/laravel/vendor/laravel/framework/src/Illuminate/Pipeline/Pipeline.php(103): Illuminate\\Pipeline\\Pipeline->Illuminate\\Pipeline\\{closure}()
#25 /www/wwwroot/worawisith.sv3.gramick.dev/laravel/vendor/laravel/framework/src/Illuminate/Routing/Router.php(697): Illuminate\\Pipeline\\Pipeline->then()
#26 /www/wwwroot/worawisith.sv3.gramick.dev/laravel/vendor/laravel/framework/src/Illuminate/Routing/Router.php(672): Illuminate\\Routing\\Router->runRouteWithinStack()
#27 /www/wwwroot/worawisith.sv3.gramick.dev/laravel/vendor/laravel/framework/src/Illuminate/Routing/Router.php(636): Illuminate\\Routing\\Router->runRoute()
#28 /www/wwwroot/worawisith.sv3.gramick.dev/laravel/vendor/laravel/framework/src/Illuminate/Routing/Router.php(625): Illuminate\\Routing\\Router->dispatchToRoute()
#29 /www/wwwroot/worawisith.sv3.gramick.dev/laravel/vendor/laravel/framework/src/Illuminate/Foundation/Http/Kernel.php(167): Illuminate\\Routing\\Router->dispatch()
#30 /www/wwwroot/worawisith.sv3.gramick.dev/laravel/vendor/laravel/framework/src/Illuminate/Pipeline/Pipeline.php(128): Illuminate\\Foundation\\Http\\Kernel->Illuminate\\Foundation\\Http\\{closure}()
#31 /www/wwwroot/worawisith.sv3.gramick.dev/laravel/vendor/barryvdh/laravel-debugbar/src/Middleware/InjectDebugbar.php(67): Illuminate\\Pipeline\\Pipeline->Illuminate\\Pipeline\\{closure}()
#32 /www/wwwroot/worawisith.sv3.gramick.dev/laravel/vendor/laravel/framework/src/Illuminate/Pipeline/Pipeline.php(167): Barryvdh\\Debugbar\\Middleware\\InjectDebugbar->handle()
#33 /www/wwwroot/worawisith.sv3.gramick.dev/laravel/app/Http/Middleware/Language.php(21): Illuminate\\Pipeline\\Pipeline->Illuminate\\Pipeline\\{closure}()
#34 /www/wwwroot/worawisith.sv3.gramick.dev/laravel/vendor/laravel/framework/src/Illuminate/Pipeline/Pipeline.php(167): App\\Http\\Middleware\\Language->handle()
#35 /www/wwwroot/worawisith.sv3.gramick.dev/laravel/vendor/laravel/framework/src/Illuminate/Foundation/Http/Middleware/TransformsRequest.php(21): Illuminate\\Pipeline\\Pipeline->Illuminate\\Pipeline\\{closure}()
#36 /www/wwwroot/worawisith.sv3.gramick.dev/laravel/vendor/laravel/framework/src/Illuminate/Foundation/Http/Middleware/ConvertEmptyStringsToNull.php(31): Illuminate\\Foundation\\Http\\Middleware\\TransformsRequest->handle()
#37 /www/wwwroot/worawisith.sv3.gramick.dev/laravel/vendor/laravel/framework/src/Illuminate/Pipeline/Pipeline.php(167): Illuminate\\Foundation\\Http\\Middleware\\ConvertEmptyStringsToNull->handle()
#38 /www/wwwroot/worawisith.sv3.gramick.dev/laravel/vendor/laravel/framework/src/Illuminate/Foundation/Http/Middleware/TransformsRequest.php(21): Illuminate\\Pipeline\\Pipeline->Illuminate\\Pipeline\\{closure}()
#39 /www/wwwroot/worawisith.sv3.gramick.dev/laravel/vendor/laravel/framework/src/Illuminate/Foundation/Http/Middleware/TrimStrings.php(40): Illuminate\\Foundation\\Http\\Middleware\\TransformsRequest->handle()
#40 /www/wwwroot/worawisith.sv3.gramick.dev/laravel/vendor/laravel/framework/src/Illuminate/Pipeline/Pipeline.php(167): Illuminate\\Foundation\\Http\\Middleware\\TrimStrings->handle()
#41 /www/wwwroot/worawisith.sv3.gramick.dev/laravel/vendor/laravel/framework/src/Illuminate/Foundation/Http/Middleware/ValidatePostSize.php(27): Illuminate\\Pipeline\\Pipeline->Illuminate\\Pipeline\\{closure}()
#42 /www/wwwroot/worawisith.sv3.gramick.dev/laravel/vendor/laravel/framework/src/Illuminate/Pipeline/Pipeline.php(167): Illuminate\\Foundation\\Http\\Middleware\\ValidatePostSize->handle()
#43 /www/wwwroot/worawisith.sv3.gramick.dev/laravel/vendor/laravel/framework/src/Illuminate/Foundation/Http/Middleware/PreventRequestsDuringMaintenance.php(86): Illuminate\\Pipeline\\Pipeline->Illuminate\\Pipeline\\{closure}()
#44 /www/wwwroot/worawisith.sv3.gramick.dev/laravel/vendor/laravel/framework/src/Illuminate/Pipeline/Pipeline.php(167): Illuminate\\Foundation\\Http\\Middleware\\PreventRequestsDuringMaintenance->handle()
#45 /www/wwwroot/worawisith.sv3.gramick.dev/laravel/vendor/fruitcake/laravel-cors/src/HandleCors.php(38): Illuminate\\Pipeline\\Pipeline->Illuminate\\Pipeline\\{closure}()
#46 /www/wwwroot/worawisith.sv3.gramick.dev/laravel/vendor/laravel/framework/src/Illuminate/Pipeline/Pipeline.php(167): Fruitcake\\Cors\\HandleCors->handle()
#47 /www/wwwroot/worawisith.sv3.gramick.dev/laravel/vendor/laravel/framework/src/Illuminate/Http/Middleware/TrustProxies.php(39): Illuminate\\Pipeline\\Pipeline->Illuminate\\Pipeline\\{closure}()
#48 /www/wwwroot/worawisith.sv3.gramick.dev/laravel/vendor/laravel/framework/src/Illuminate/Pipeline/Pipeline.php(167): Illuminate\\Http\\Middleware\\TrustProxies->handle()
#49 /www/wwwroot/worawisith.sv3.gramick.dev/laravel/vendor/laravel/framework/src/Illuminate/Pipeline/Pipeline.php(103): Illuminate\\Pipeline\\Pipeline->Illuminate\\Pipeline\\{closure}()
#50 /www/wwwroot/worawisith.sv3.gramick.dev/laravel/vendor/laravel/framework/src/Illuminate/Foundation/Http/Kernel.php(142): Illuminate\\Pipeline\\Pipeline->then()
#51 /www/wwwroot/worawisith.sv3.gramick.dev/laravel/vendor/laravel/framework/src/Illuminate/Foundation/Http/Kernel.php(111): Illuminate\\Foundation\\Http\\Kernel->sendRequestThroughRouter()
#52 /www/wwwroot/worawisith.sv3.gramick.dev/index.php(52): Illuminate\\Foundation\\Http\\Kernel->handle()
#53 {main}
"} 
[2021-11-10 03:04:41] local.INFO: BannerController : store  
[2021-11-10 03:04:41] local.INFO: array (
  '_token' => '5AzXWl84nWUaiIPnA7pnEPnFEyArLcdNxurjsWfk',
  'sort_number' => '3',
  'tilte_th' => 'banner',
  'detail_th' => 'banner',
  'tilte_en' => 'banner',
  'detail_en' => 'banner',
  'image_banner_slide' => 
  Illuminate\Http\UploadedFile::__set_state(array(
     'test' => false,
     'originalName' => 'banner-welcome_01.jpg',
     'mimeType' => 'image/jpeg',
     'error' => 0,
     'hashName' => NULL,
  )),
)  
[2021-11-10 03:04:42] local.INFO: BannerController : index  
[2021-11-10 03:10:06] local.INFO: BannerController : index  
[2021-11-10 03:10:09] local.ERROR: Class 'App\Http\Controllers\backend\Contact' not found {"userId":1,"exception":"[object] (Error(code: 0): Class 'App\\Http\\Controllers\\backend\\Contact' not found at /www/wwwroot/worawisith.sv3.gramick.dev/laravel/app/Http/Controllers/backend/UserController.php:59)
[stacktrace]
#0 /www/wwwroot/worawisith.sv3.gramick.dev/laravel/vendor/laravel/framework/src/Illuminate/Routing/Controller.php(54): App\\Http\\Controllers\\backend\\UserController->index()
#1 /www/wwwroot/worawisith.sv3.gramick.dev/laravel/vendor/laravel/framework/src/Illuminate/Routing/ControllerDispatcher.php(45): Illuminate\\Routing\\Controller->callAction()
#2 /www/wwwroot/worawisith.sv3.gramick.dev/laravel/vendor/laravel/framework/src/Illuminate/Routing/Route.php(262): Illuminate\\Routing\\ControllerDispatcher->dispatch()
#3 /www/wwwroot/worawisith.sv3.gramick.dev/laravel/vendor/laravel/framework/src/Illuminate/Routing/Route.php(205): Illuminate\\Routing\\Route->runController()
#4 /www/wwwroot/worawisith.sv3.gramick.dev/laravel/vendor/laravel/framework/src/Illuminate/Routing/Router.php(695): Illuminate\\Routing\\Route->run()
#5 /www/wwwroot/worawisith.sv3.gramick.dev/laravel/vendor/laravel/framework/src/Illuminate/Pipeline/Pipeline.php(128): Illuminate\\Routing\\Router->Illuminate\\Routing\\{closure}()
#6 /www/wwwroot/worawisith.sv3.gramick.dev/laravel/app/Http/Middleware/Language.php(21): Illuminate\\Pipeline\\Pipeline->Illuminate\\Pipeline\\{closure}()
#7 /www/wwwroot/worawisith.sv3.gramick.dev/laravel/vendor/laravel/framework/src/Illuminate/Pipeline/Pipeline.php(167): App\\Http\\Middleware\\Language->handle()
#8 /www/wwwroot/worawisith.sv3.gramick.dev/laravel/vendor/laravel/framework/src/Illuminate/Routing/Middleware/SubstituteBindings.php(50): Illuminate\\Pipeline\\Pipeline->Illuminate\\Pipeline\\{closure}()
#9 /www/wwwroot/worawisith.sv3.gramick.dev/laravel/vendor/laravel/framework/src/Illuminate/Pipeline/Pipeline.php(167): Illuminate\\Routing\\Middleware\\SubstituteBindings->handle()
#10 /www/wwwroot/worawisith.sv3.gramick.dev/laravel/vendor/laravel/framework/src/Illuminate/Auth/Middleware/Authenticate.php(44): Illuminate\\Pipeline\\Pipeline->Illuminate\\Pipeline\\{closure}()
#11 /www/wwwroot/worawisith.sv3.gramick.dev/laravel/vendor/laravel/framework/src/Illuminate/Pipeline/Pipeline.php(167): Illuminate\\Auth\\Middleware\\Authenticate->handle()
#12 /www/wwwroot/worawisith.sv3.gramick.dev/laravel/vendor/laravel/framework/src/Illuminate/Foundation/Http/Middleware/VerifyCsrfToken.php(78): Illuminate\\Pipeline\\Pipeline->Illuminate\\Pipeline\\{closure}()
#13 /www/wwwroot/worawisith.sv3.gramick.dev/laravel/vendor/laravel/framework/src/Illuminate/Pipeline/Pipeline.php(167): Illuminate\\Foundation\\Http\\Middleware\\VerifyCsrfToken->handle()
#14 /www/wwwroot/worawisith.sv3.gramick.dev/laravel/vendor/laravel/framework/src/Illuminate/View/Middleware/ShareErrorsFromSession.php(49): Illuminate\\Pipeline\\Pipeline->Illuminate\\Pipeline\\{closure}()
#15 /www/wwwroot/worawisith.sv3.gramick.dev/laravel/vendor/laravel/framework/src/Illuminate/Pipeline/Pipeline.php(167): Illuminate\\View\\Middleware\\ShareErrorsFromSession->handle()
#16 /www/wwwroot/worawisith.sv3.gramick.dev/laravel/vendor/laravel/framework/src/Illuminate/Session/Middleware/StartSession.php(121): Illuminate\\Pipeline\\Pipeline->Illuminate\\Pipeline\\{closure}()
#17 /www/wwwroot/worawisith.sv3.gramick.dev/laravel/vendor/laravel/framework/src/Illuminate/Session/Middleware/StartSession.php(64): Illuminate\\Session\\Middleware\\StartSession->handleStatefulRequest()
#18 /www/wwwroot/worawisith.sv3.gramick.dev/laravel/vendor/laravel/framework/src/Illuminate/Pipeline/Pipeline.php(167): Illuminate\\Session\\Middleware\\StartSession->handle()
#19 /www/wwwroot/worawisith.sv3.gramick.dev/laravel/vendor/laravel/framework/src/Illuminate/Cookie/Middleware/AddQueuedCookiesToResponse.php(37): Illuminate\\Pipeline\\Pipeline->Illuminate\\Pipeline\\{closure}()
#20 /www/wwwroot/worawisith.sv3.gramick.dev/laravel/vendor/laravel/framework/src/Illuminate/Pipeline/Pipeline.php(167): Illuminate\\Cookie\\Middleware\\AddQueuedCookiesToResponse->handle()
#21 /www/wwwroot/worawisith.sv3.gramick.dev/laravel/vendor/laravel/framework/src/Illuminate/Cookie/Middleware/EncryptCookies.php(67): Illuminate\\Pipeline\\Pipeline->Illuminate\\Pipeline\\{closure}()
#22 /www/wwwroot/worawisith.sv3.gramick.dev/laravel/vendor/laravel/framework/src/Illuminate/Pipeline/Pipeline.php(167): Illuminate\\Cookie\\Middleware\\EncryptCookies->handle()
#23 /www/wwwroot/worawisith.sv3.gramick.dev/laravel/vendor/laravel/framework/src/Illuminate/Pipeline/Pipeline.php(103): Illuminate\\Pipeline\\Pipeline->Illuminate\\Pipeline\\{closure}()
#24 /www/wwwroot/worawisith.sv3.gramick.dev/laravel/vendor/laravel/framework/src/Illuminate/Routing/Router.php(697): Illuminate\\Pipeline\\Pipeline->then()
#25 /www/wwwroot/worawisith.sv3.gramick.dev/laravel/vendor/laravel/framework/src/Illuminate/Routing/Router.php(672): Illuminate\\Routing\\Router->runRouteWithinStack()
#26 /www/wwwroot/worawisith.sv3.gramick.dev/laravel/vendor/laravel/framework/src/Illuminate/Routing/Router.php(636): Illuminate\\Routing\\Router->runRoute()
#27 /www/wwwroot/worawisith.sv3.gramick.dev/laravel/vendor/laravel/framework/src/Illuminate/Routing/Router.php(625): Illuminate\\Routing\\Router->dispatchToRoute()
#28 /www/wwwroot/worawisith.sv3.gramick.dev/laravel/vendor/laravel/framework/src/Illuminate/Foundation/Http/Kernel.php(167): Illuminate\\Routing\\Router->dispatch()
#29 /www/wwwroot/worawisith.sv3.gramick.dev/laravel/vendor/laravel/framework/src/Illuminate/Pipeline/Pipeline.php(128): Illuminate\\Foundation\\Http\\Kernel->Illuminate\\Foundation\\Http\\{closure}()
#30 /www/wwwroot/worawisith.sv3.gramick.dev/laravel/vendor/barryvdh/laravel-debugbar/src/Middleware/InjectDebugbar.php(67): Illuminate\\Pipeline\\Pipeline->Illuminate\\Pipeline\\{closure}()
#31 /www/wwwroot/worawisith.sv3.gramick.dev/laravel/vendor/laravel/framework/src/Illuminate/Pipeline/Pipeline.php(167): Barryvdh\\Debugbar\\Middleware\\InjectDebugbar->handle()
#32 /www/wwwroot/worawisith.sv3.gramick.dev/laravel/app/Http/Middleware/Language.php(21): Illuminate\\Pipeline\\Pipeline->Illuminate\\Pipeline\\{closure}()
#33 /www/wwwroot/worawisith.sv3.gramick.dev/laravel/vendor/laravel/framework/src/Illuminate/Pipeline/Pipeline.php(167): App\\Http\\Middleware\\Language->handle()
#34 /www/wwwroot/worawisith.sv3.gramick.dev/laravel/vendor/laravel/framework/src/Illuminate/Foundation/Http/Middleware/TransformsRequest.php(21): Illuminate\\Pipeline\\Pipeline->Illuminate\\Pipeline\\{closure}()
#35 /www/wwwroot/worawisith.sv3.gramick.dev/laravel/vendor/laravel/framework/src/Illuminate/Foundation/Http/Middleware/ConvertEmptyStringsToNull.php(31): Illuminate\\Foundation\\Http\\Middleware\\TransformsRequest->handle()
#36 /www/wwwroot/worawisith.sv3.gramick.dev/laravel/vendor/laravel/framework/src/Illuminate/Pipeline/Pipeline.php(167): Illuminate\\Foundation\\Http\\Middleware\\ConvertEmptyStringsToNull->handle()
#37 /www/wwwroot/worawisith.sv3.gramick.dev/laravel/vendor/laravel/framework/src/Illuminate/Foundation/Http/Middleware/TransformsRequest.php(21): Illuminate\\Pipeline\\Pipeline->Illuminate\\Pipeline\\{closure}()
#38 /www/wwwroot/worawisith.sv3.gramick.dev/laravel/vendor/laravel/framework/src/Illuminate/Foundation/Http/Middleware/TrimStrings.php(40): Illuminate\\Foundation\\Http\\Middleware\\TransformsRequest->handle()
#39 /www/wwwroot/worawisith.sv3.gramick.dev/laravel/vendor/laravel/framework/src/Illuminate/Pipeline/Pipeline.php(167): Illuminate\\Foundation\\Http\\Middleware\\TrimStrings->handle()
#40 /www/wwwroot/worawisith.sv3.gramick.dev/laravel/vendor/laravel/framework/src/Illuminate/Foundation/Http/Middleware/ValidatePostSize.php(27): Illuminate\\Pipeline\\Pipeline->Illuminate\\Pipeline\\{closure}()
#41 /www/wwwroot/worawisith.sv3.gramick.dev/laravel/vendor/laravel/framework/src/Illuminate/Pipeline/Pipeline.php(167): Illuminate\\Foundation\\Http\\Middleware\\ValidatePostSize->handle()
#42 /www/wwwroot/worawisith.sv3.gramick.dev/laravel/vendor/laravel/framework/src/Illuminate/Foundation/Http/Middleware/PreventRequestsDuringMaintenance.php(86): Illuminate\\Pipeline\\Pipeline->Illuminate\\Pipeline\\{closure}()
#43 /www/wwwroot/worawisith.sv3.gramick.dev/laravel/vendor/laravel/framework/src/Illuminate/Pipeline/Pipeline.php(167): Illuminate\\Foundation\\Http\\Middleware\\PreventRequestsDuringMaintenance->handle()
#44 /www/wwwroot/worawisith.sv3.gramick.dev/laravel/vendor/fruitcake/laravel-cors/src/HandleCors.php(38): Illuminate\\Pipeline\\Pipeline->Illuminate\\Pipeline\\{closure}()
#45 /www/wwwroot/worawisith.sv3.gramick.dev/laravel/vendor/laravel/framework/src/Illuminate/Pipeline/Pipeline.php(167): Fruitcake\\Cors\\HandleCors->handle()
#46 /www/wwwroot/worawisith.sv3.gramick.dev/laravel/vendor/laravel/framework/src/Illuminate/Http/Middleware/TrustProxies.php(39): Illuminate\\Pipeline\\Pipeline->Illuminate\\Pipeline\\{closure}()
#47 /www/wwwroot/worawisith.sv3.gramick.dev/laravel/vendor/laravel/framework/src/Illuminate/Pipeline/Pipeline.php(167): Illuminate\\Http\\Middleware\\TrustProxies->handle()
#48 /www/wwwroot/worawisith.sv3.gramick.dev/laravel/vendor/laravel/framework/src/Illuminate/Pipeline/Pipeline.php(103): Illuminate\\Pipeline\\Pipeline->Illuminate\\Pipeline\\{closure}()
#49 /www/wwwroot/worawisith.sv3.gramick.dev/laravel/vendor/laravel/framework/src/Illuminate/Foundation/Http/Kernel.php(142): Illuminate\\Pipeline\\Pipeline->then()
#50 /www/wwwroot/worawisith.sv3.gramick.dev/laravel/vendor/laravel/framework/src/Illuminate/Foundation/Http/Kernel.php(111): Illuminate\\Foundation\\Http\\Kernel->sendRequestThroughRouter()
#51 /www/wwwroot/worawisith.sv3.gramick.dev/index.php(52): Illuminate\\Foundation\\Http\\Kernel->handle()
#52 {main}
"} 
[2021-11-10 03:12:07] local.INFO: UserController : index  
[2021-11-10 03:12:17] local.INFO: UserController : create  
[2021-11-10 03:12:17] local.INFO: array (
  'titlePage' => 'สร้างข้อมูลบัญชีผู้ใช้งาน Backend',
  'DataTimeThaiFull' => 'ข้อมูล ณ วันที่ 10 พฤศจิกายน 2564 เวลา 03:12:17 น.',
)  
[2021-11-10 03:12:43] local.INFO: UserController : create  
[2021-11-10 03:12:43] local.INFO: array (
  'titlePage' => 'สร้างข้อมูลบัญชีผู้ใช้งาน Backend',
  'DataTimeThaiFull' => 'ข้อมูล ณ วันที่ 10 พฤศจิกายน 2564 เวลา 03:12:43 น.',
)  
[2021-11-10 03:14:46] local.INFO: UserController : create  
[2021-11-10 03:14:46] local.INFO: array (
  'titlePage' => 'สร้างข้อมูลบัญชีผู้ใช้งาน Backend',
  'DataTimeThaiFull' => 'ข้อมูล ณ วันที่ 10 พฤศจิกายน 2564 เวลา 03:14:46 น.',
)  
[2021-11-10 03:14:48] local.INFO: UserController : create  
[2021-11-10 03:14:48] local.INFO: array (
  'titlePage' => 'สร้างข้อมูลบัญชีผู้ใช้งาน Backend',
  'DataTimeThaiFull' => 'ข้อมูล ณ วันที่ 10 พฤศจิกายน 2564 เวลา 03:14:48 น.',
)  
[2021-11-10 03:15:22] local.INFO: UserController : store  
[2021-11-10 03:15:22] local.INFO: array (
  '_token' => '5AzXWl84nWUaiIPnA7pnEPnFEyArLcdNxurjsWfk',
  'fullname' => 'TestSystem',
  'email' => 'test@gmail.com',
  'username' => 'test',
  'password' => 'test@@2021',
  'password_confirmation' => 'test@@2021',
)  
[2021-11-10 03:15:23] local.INFO: UserController : index  
[2021-11-10 03:15:29] local.INFO: HomeController : index  
[2021-11-10 03:15:47] local.INFO: HomeController : index  
[2021-11-10 03:19:07] local.INFO: HomeController : index  
[2021-11-10 03:19:26] local.INFO: HomeController : index  
[2021-11-10 09:49:19] local.INFO: HomeController : index  
[2021-11-10 10:25:46] local.INFO: SystemLeaveController : index  
[2021-11-10 10:25:49] local.INFO: AboutController : index  
[2021-11-10 10:25:50] local.INFO: BannerController : index  
[2021-11-10 10:25:50] local.INFO: BannerController : index  
[2021-11-10 10:26:02] local.INFO: HomeController : index  
[2021-11-10 10:26:07] local.INFO: BannerController : edit id = 7  
[2021-11-10 10:26:07] local.INFO: array (
  'titlePage' => 'เปลี่ยนแปลงข้อมูล Banner',
  'DataTimeThaiFull' => 'ข้อมูล ณ วันที่ 10 พฤศจิกายน 2564 เวลา 10:26:07 น.',
  'Banner' => 
  App\Models\Banner::__set_state(array(
     'table' => 'banner',
     'incrementing' => true,
     'timestamps' => true,
     'connection' => 'mysql',
     'primaryKey' => 'id',
     'keyType' => 'int',
     'with' => 
    array (
    ),
     'withCount' => 
    array (
    ),
     'preventsLazyLoading' => false,
     'perPage' => 15,
     'exists' => true,
     'wasRecentlyCreated' => false,
     'escapeWhenCastingToString' => false,
     'attributes' => 
    array (
      'id' => 7,
      'image_banner_slide' => 'assets/frontend/img/banner/7/banner-welcome_01.jpg',
      'tilte_th' => 'banner',
      'tilte_en' => 'banner',
      'detail_th' => 'banner',
      'detail_en' => 'banner',
      'active_status' => 1,
      'display_status' => 1,
      'sort_number' => 3,
      'created_by' => 1,
      'updated_by' => 1,
      'ip_address' => '49.228.229.67',
      'created_at' => '2021-11-10 03:04:41',
      'updated_at' => '2021-11-10 03:04:41',
    ),
     'original' => 
    array (
      'id' => 7,
      'image_banner_slide' => 'assets/frontend/img/banner/7/banner-welcome_01.jpg',
      'tilte_th' => 'banner',
      'tilte_en' => 'banner',
      'detail_th' => 'banner',
      'detail_en' => 'banner',
      'active_status' => 1,
      'display_status' => 1,
      'sort_number' => 3,
      'created_by' => 1,
      'updated_by' => 1,
      'ip_address' => '49.228.229.67',
      'created_at' => '2021-11-10 03:04:41',
      'updated_at' => '2021-11-10 03:04:41',
    ),
     'changes' => 
    array (
    ),
     'casts' => 
    array (
    ),
     'classCastCache' => 
    array (
    ),
     'dates' => 
    array (
    ),
     'dateFormat' => NULL,
     'appends' => 
    array (
    ),
     'dispatchesEvents' => 
    array (
    ),
     'observables' => 
    array (
    ),
     'relations' => 
    array (
    ),
     'touches' => 
    array (
    ),
     'hidden' => 
    array (
    ),
     'visible' => 
    array (
    ),
     'fillable' => 
    array (
    ),
     'guarded' => 
    array (
      0 => '*',
    ),
  )),
)  
[2021-11-10 10:26:14] local.INFO: BannerController : update id = 7  
[2021-11-10 10:26:14] local.INFO: array (
  '_token' => 'AwggsQETO15BZh70O52Wfg6rHJvIOxTryj0WGyjK',
  '_method' => 'PATCH',
  'id' => '7',
  'active_status' => '1',
  'display_status' => '1',
  'created_by' => '1',
  'sort_number' => '3',
  'tilte_th' => 'Test',
  'detail_th' => 'banner',
  'tilte_en' => 'banner',
  'detail_en' => 'banner',
  'image_banner_slideOld' => 'assets/frontend/img/banner/7/banner-welcome_01.jpg',
)  
[2021-11-10 10:26:14] local.INFO: BannerController : index  
[2021-11-10 10:26:18] local.INFO: HomeController : index  
[2021-11-10 10:26:24] local.INFO: AboutController : index  
[2021-11-10 10:26:34] local.INFO: AboutController : edit id = 3  
[2021-11-10 10:26:34] local.INFO: array (
  'titlePage' => 'เปลี่ยนแปลงข้อมูล About',
  'DataTimeThaiFull' => 'ข้อมูล ณ วันที่ 10 พฤศจิกายน 2564 เวลา 10:26:34 น.',
  'About' => 
  App\Models\About::__set_state(array(
     'table' => 'about',
     'incrementing' => true,
     'timestamps' => true,
     'connection' => 'mysql',
     'primaryKey' => 'id',
     'keyType' => 'int',
     'with' => 
    array (
    ),
     'withCount' => 
    array (
    ),
     'preventsLazyLoading' => false,
     'perPage' => 15,
     'exists' => true,
     'wasRecentlyCreated' => false,
     'escapeWhenCastingToString' => false,
     'attributes' => 
    array (
      'id' => 3,
      'type_about' => NULL,
      'tilte_th' => 'About Worawisith (Home)',
      'tilte_en' => 'About Worawisith (Home)',
      'detail_th' => '<p>
                            Worawisith Company Limited was established in 1997 and was registered as a juristic
                            person under the Civil and Commercial Code as a limited company on September 29, 1997
                            with a registered capital starting at 10 million baht by a team of engineers who are experts
                            in the field of Construction of buildings and system work by all stages of construction
                            We care and value Combined with an experience that cannot be found in any textbook.
                            But from working with customers in various projects for more than 20 years, the objective
                            is to carry out the construction of quality buildings. meet international standards.
                        </p>
                        <p>
                            At present, the company has increased its registered capital to 200 million baht, which
                            can support the construction of buildings with a total value of more than 5,000 million baht.
                            and construction/system work personnel Experts in all positions with a lot of experience
                            Have a professional license in Control Engineering (Kor. Kor.) with the main policy to create
                            quality work and efficient customer service. To create maximum customer satisfaction.
                        </p>
                        <p>
                            Over the past 20 years, the company has gained the trust of organizations in government
                            agencies, state enterprises and the private sector, clearly demonstrating the quality of the
                            organization. 
                        </p>',
      'detail_en' => '<p>
                            Worawisith Company Limited was established in 1997 and was registered as a juristic
                            person under the Civil and Commercial Code as a limited company on September 29, 1997
                            with a registered capital starting at 10 million baht by a team of engineers who are experts
                            in the field of Construction of buildings and system work by all stages of construction
                            We care and value Combined with an experience that cannot be found in any textbook.
                            But from working with customers in various projects for more than 20 years, the objective
                            is to carry out the construction of quality buildings. meet international standards.
                        </p>
                        <p>
                            At present, the company has increased its registered capital to 200 million baht, which
                            can support the construction of buildings with a total value of more than 5,000 million baht.
                            and construction/system work personnel Experts in all positions with a lot of experience
                            Have a professional license in Control Engineering (Kor. Kor.) with the main policy to create
                            quality work and efficient customer service. To create maximum customer satisfaction.
                        </p>
                        <p>
                            Over the past 20 years, the company has gained the trust of organizations in government
                            agencies, state enterprises and the private sector, clearly demonstrating the quality of the
                            organization. <a href="/about-worawisith">Read More</a>
                        </p>',
      'active_status' => 1,
      'display_status' => 1,
      'sort_number' => 3,
      'created_by' => 1,
      'updated_by' => 1,
      'ip_address' => '127.0.0.1',
      'created_at' => '2021-11-09 14:37:28',
      'updated_at' => '2021-11-09 22:44:16',
    ),
     'original' => 
    array (
      'id' => 3,
      'type_about' => NULL,
      'tilte_th' => 'About Worawisith (Home)',
      'tilte_en' => 'About Worawisith (Home)',
      'detail_th' => '<p>
                            Worawisith Company Limited was established in 1997 and was registered as a juristic
                            person under the Civil and Commercial Code as a limited company on September 29, 1997
                            with a registered capital starting at 10 million baht by a team of engineers who are experts
                            in the field of Construction of buildings and system work by all stages of construction
                            We care and value Combined with an experience that cannot be found in any textbook.
                            But from working with customers in various projects for more than 20 years, the objective
                            is to carry out the construction of quality buildings. meet international standards.
                        </p>
                        <p>
                            At present, the company has increased its registered capital to 200 million baht, which
                            can support the construction of buildings with a total value of more than 5,000 million baht.
                            and construction/system work personnel Experts in all positions with a lot of experience
                            Have a professional license in Control Engineering (Kor. Kor.) with the main policy to create
                            quality work and efficient customer service. To create maximum customer satisfaction.
                        </p>
                        <p>
                            Over the past 20 years, the company has gained the trust of organizations in government
                            agencies, state enterprises and the private sector, clearly demonstrating the quality of the
                            organization. 
                        </p>',
      'detail_en' => '<p>
                            Worawisith Company Limited was established in 1997 and was registered as a juristic
                            person under the Civil and Commercial Code as a limited company on September 29, 1997
                            with a registered capital starting at 10 million baht by a team of engineers who are experts
                            in the field of Construction of buildings and system work by all stages of construction
                            We care and value Combined with an experience that cannot be found in any textbook.
                            But from working with customers in various projects for more than 20 years, the objective
                            is to carry out the construction of quality buildings. meet international standards.
                        </p>
                        <p>
                            At present, the company has increased its registered capital to 200 million baht, which
                            can support the construction of buildings with a total value of more than 5,000 million baht.
                            and construction/system work personnel Experts in all positions with a lot of experience
                            Have a professional license in Control Engineering (Kor. Kor.) with the main policy to create
                            quality work and efficient customer service. To create maximum customer satisfaction.
                        </p>
                        <p>
                            Over the past 20 years, the company has gained the trust of organizations in government
                            agencies, state enterprises and the private sector, clearly demonstrating the quality of the
                            organization. <a href="/about-worawisith">Read More</a>
                        </p>',
      'active_status' => 1,
      'display_status' => 1,
      'sort_number' => 3,
      'created_by' => 1,
      'updated_by' => 1,
      'ip_address' => '127.0.0.1',
      'created_at' => '2021-11-09 14:37:28',
      'updated_at' => '2021-11-09 22:44:16',
    ),
     'changes' => 
    array (
    ),
     'casts' => 
    array (
    ),
     'classCastCache' => 
    array (
    ),
     'dates' => 
    array (
    ),
     'dateFormat' => NULL,
     'appends' => 
    array (
    ),
     'dispatchesEvents' => 
    array (
    ),
     'observables' => 
    array (
    ),
     'relations' => 
    array (
    ),
     'touches' => 
    array (
    ),
     'hidden' => 
    array (
    ),
     'visible' => 
    array (
    ),
     'fillable' => 
    array (
    ),
     'guarded' => 
    array (
      0 => '*',
    ),
  )),
)  
[2021-11-10 10:26:52] local.INFO: AboutController : update id = 3  
[2021-11-10 10:26:52] local.INFO: array (
  '_token' => 'AwggsQETO15BZh70O52Wfg6rHJvIOxTryj0WGyjK',
  '_method' => 'PATCH',
  'id' => '3',
  'active_status' => '1',
  'display_status' => '1',
  'created_by' => '1',
  'sort_number' => '3',
  'tilte_th' => 'About Worawisith (Home)',
  'detail_th' => '<p>testWorawisith Company Limited was established in 1997 and was registered as a juristic
                            person under the Civil and Commercial Code as a limited company on September 29, 1997
                            with a registered capital starting at 10 million baht by a team of engineers who are experts
                            in the field of Construction of buildings and system work by all stages of construction
                            We care and value Combined with an experience that cannot be found in any textbook.
                            But from working with customers in various projects for more than 20 years, the objective
                            is to carry out the construction of quality buildings. meet international standards.
                        </p>
                        <p>
                            At present, the company has increased its registered capital to 200 million baht, which
                            can support the construction of buildings with a total value of more than 5,000 million baht.
                            and construction/system work personnel Experts in all positions with a lot of experience
                            Have a professional license in Control Engineering (Kor. Kor.) with the main policy to create
                            quality work and efficient customer service. To create maximum customer satisfaction.
                        </p>
                        <p>
                            Over the past 20 years, the company has gained the trust of organizations in government
                            agencies, state enterprises and the private sector, clearly demonstrating the quality of the
                            organization. 
                        </p>',
  'tilte_en' => 'About Worawisith (Home)',
  'detail_en' => '<p>
                            Worawisith Company Limited was established in 1997 and was registered as a juristic
                            person under the Civil and Commercial Code as a limited company on September 29, 1997
                            with a registered capital starting at 10 million baht by a team of engineers who are experts
                            in the field of Construction of buildings and system work by all stages of construction
                            We care and value Combined with an experience that cannot be found in any textbook.
                            But from working with customers in various projects for more than 20 years, the objective
                            is to carry out the construction of quality buildings. meet international standards.
                        </p>
                        <p>
                            At present, the company has increased its registered capital to 200 million baht, which
                            can support the construction of buildings with a total value of more than 5,000 million baht.
                            and construction/system work personnel Experts in all positions with a lot of experience
                            Have a professional license in Control Engineering (Kor. Kor.) with the main policy to create
                            quality work and efficient customer service. To create maximum customer satisfaction.
                        </p>
                        <p>
                            Over the past 20 years, the company has gained the trust of organizations in government
                            agencies, state enterprises and the private sector, clearly demonstrating the quality of the
                            organization. <a href="/about-worawisith">Read More</a>
                        </p>',
)  
[2021-11-10 10:26:53] local.INFO: AboutController : index  
[2021-11-10 10:26:55] local.INFO: HomeController : index  
[2021-11-10 10:26:57] local.INFO: HomeController : about  
[2021-11-10 10:27:05] local.INFO: AboutController : edit id = 3  
[2021-11-10 10:27:05] local.INFO: array (
  'titlePage' => 'เปลี่ยนแปลงข้อมูล About',
  'DataTimeThaiFull' => 'ข้อมูล ณ วันที่ 10 พฤศจิกายน 2564 เวลา 10:27:05 น.',
  'About' => 
  App\Models\About::__set_state(array(
     'table' => 'about',
     'incrementing' => true,
     'timestamps' => true,
     'connection' => 'mysql',
     'primaryKey' => 'id',
     'keyType' => 'int',
     'with' => 
    array (
    ),
     'withCount' => 
    array (
    ),
     'preventsLazyLoading' => false,
     'perPage' => 15,
     'exists' => true,
     'wasRecentlyCreated' => false,
     'escapeWhenCastingToString' => false,
     'attributes' => 
    array (
      'id' => 3,
      'type_about' => NULL,
      'tilte_th' => 'About Worawisith (Home)',
      'tilte_en' => 'About Worawisith (Home)',
      'detail_th' => '<p>testWorawisith Company Limited was established in 1997 and was registered as a juristic
                            person under the Civil and Commercial Code as a limited company on September 29, 1997
                            with a registered capital starting at 10 million baht by a team of engineers who are experts
                            in the field of Construction of buildings and system work by all stages of construction
                            We care and value Combined with an experience that cannot be found in any textbook.
                            But from working with customers in various projects for more than 20 years, the objective
                            is to carry out the construction of quality buildings. meet international standards.
                        </p>
                        <p>
                            At present, the company has increased its registered capital to 200 million baht, which
                            can support the construction of buildings with a total value of more than 5,000 million baht.
                            and construction/system work personnel Experts in all positions with a lot of experience
                            Have a professional license in Control Engineering (Kor. Kor.) with the main policy to create
                            quality work and efficient customer service. To create maximum customer satisfaction.
                        </p>
                        <p>
                            Over the past 20 years, the company has gained the trust of organizations in government
                            agencies, state enterprises and the private sector, clearly demonstrating the quality of the
                            organization. 
                        </p>',
      'detail_en' => '<p>
                            Worawisith Company Limited was established in 1997 and was registered as a juristic
                            person under the Civil and Commercial Code as a limited company on September 29, 1997
                            with a registered capital starting at 10 million baht by a team of engineers who are experts
                            in the field of Construction of buildings and system work by all stages of construction
                            We care and value Combined with an experience that cannot be found in any textbook.
                            But from working with customers in various projects for more than 20 years, the objective
                            is to carry out the construction of quality buildings. meet international standards.
                        </p>
                        <p>
                            At present, the company has increased its registered capital to 200 million baht, which
                            can support the construction of buildings with a total value of more than 5,000 million baht.
                            and construction/system work personnel Experts in all positions with a lot of experience
                            Have a professional license in Control Engineering (Kor. Kor.) with the main policy to create
                            quality work and efficient customer service. To create maximum customer satisfaction.
                        </p>
                        <p>
                            Over the past 20 years, the company has gained the trust of organizations in government
                            agencies, state enterprises and the private sector, clearly demonstrating the quality of the
                            organization. <a href="/about-worawisith">Read More</a>
                        </p>',
      'active_status' => 1,
      'display_status' => 1,
      'sort_number' => 3,
      'created_by' => 1,
      'updated_by' => 2,
      'ip_address' => '49.228.225.212',
      'created_at' => '2021-11-09 14:37:28',
      'updated_at' => '2021-11-10 10:26:52',
    ),
     'original' => 
    array (
      'id' => 3,
      'type_about' => NULL,
      'tilte_th' => 'About Worawisith (Home)',
      'tilte_en' => 'About Worawisith (Home)',
      'detail_th' => '<p>testWorawisith Company Limited was established in 1997 and was registered as a juristic
                            person under the Civil and Commercial Code as a limited company on September 29, 1997
                            with a registered capital starting at 10 million baht by a team of engineers who are experts
                            in the field of Construction of buildings and system work by all stages of construction
                            We care and value Combined with an experience that cannot be found in any textbook.
                            But from working with customers in various projects for more than 20 years, the objective
                            is to carry out the construction of quality buildings. meet international standards.
                        </p>
                        <p>
                            At present, the company has increased its registered capital to 200 million baht, which
                            can support the construction of buildings with a total value of more than 5,000 million baht.
                            and construction/system work personnel Experts in all positions with a lot of experience
                            Have a professional license in Control Engineering (Kor. Kor.) with the main policy to create
                            quality work and efficient customer service. To create maximum customer satisfaction.
                        </p>
                        <p>
                            Over the past 20 years, the company has gained the trust of organizations in government
                            agencies, state enterprises and the private sector, clearly demonstrating the quality of the
                            organization. 
                        </p>',
      'detail_en' => '<p>
                            Worawisith Company Limited was established in 1997 and was registered as a juristic
                            person under the Civil and Commercial Code as a limited company on September 29, 1997
                            with a registered capital starting at 10 million baht by a team of engineers who are experts
                            in the field of Construction of buildings and system work by all stages of construction
                            We care and value Combined with an experience that cannot be found in any textbook.
                            But from working with customers in various projects for more than 20 years, the objective
                            is to carry out the construction of quality buildings. meet international standards.
                        </p>
                        <p>
                            At present, the company has increased its registered capital to 200 million baht, which
                            can support the construction of buildings with a total value of more than 5,000 million baht.
                            and construction/system work personnel Experts in all positions with a lot of experience
                            Have a professional license in Control Engineering (Kor. Kor.) with the main policy to create
                            quality work and efficient customer service. To create maximum customer satisfaction.
                        </p>
                        <p>
                            Over the past 20 years, the company has gained the trust of organizations in government
                            agencies, state enterprises and the private sector, clearly demonstrating the quality of the
                            organization. <a href="/about-worawisith">Read More</a>
                        </p>',
      'active_status' => 1,
      'display_status' => 1,
      'sort_number' => 3,
      'created_by' => 1,
      'updated_by' => 2,
      'ip_address' => '49.228.225.212',
      'created_at' => '2021-11-09 14:37:28',
      'updated_at' => '2021-11-10 10:26:52',
    ),
     'changes' => 
    array (
    ),
     'casts' => 
    array (
    ),
     'classCastCache' => 
    array (
    ),
     'dates' => 
    array (
    ),
     'dateFormat' => NULL,
     'appends' => 
    array (
    ),
     'dispatchesEvents' => 
    array (
    ),
     'observables' => 
    array (
    ),
     'relations' => 
    array (
    ),
     'touches' => 
    array (
    ),
     'hidden' => 
    array (
    ),
     'visible' => 
    array (
    ),
     'fillable' => 
    array (
    ),
     'guarded' => 
    array (
      0 => '*',
    ),
  )),
)  
[2021-11-10 10:27:23] local.INFO: AboutController : edit id = 3  
[2021-11-10 10:27:23] local.INFO: array (
  'titlePage' => 'เปลี่ยนแปลงข้อมูล About',
  'DataTimeThaiFull' => 'ข้อมูล ณ วันที่ 10 พฤศจิกายน 2564 เวลา 10:27:23 น.',
  'About' => 
  App\Models\About::__set_state(array(
     'table' => 'about',
     'incrementing' => true,
     'timestamps' => true,
     'connection' => 'mysql',
     'primaryKey' => 'id',
     'keyType' => 'int',
     'with' => 
    array (
    ),
     'withCount' => 
    array (
    ),
     'preventsLazyLoading' => false,
     'perPage' => 15,
     'exists' => true,
     'wasRecentlyCreated' => false,
     'escapeWhenCastingToString' => false,
     'attributes' => 
    array (
      'id' => 3,
      'type_about' => NULL,
      'tilte_th' => 'About Worawisith (Home)',
      'tilte_en' => 'About Worawisith (Home)',
      'detail_th' => '<p>testWorawisith Company Limited was established in 1997 and was registered as a juristic
                            person under the Civil and Commercial Code as a limited company on September 29, 1997
                            with a registered capital starting at 10 million baht by a team of engineers who are experts
                            in the field of Construction of buildings and system work by all stages of construction
                            We care and value Combined with an experience that cannot be found in any textbook.
                            But from working with customers in various projects for more than 20 years, the objective
                            is to carry out the construction of quality buildings. meet international standards.
                        </p>
                        <p>
                            At present, the company has increased its registered capital to 200 million baht, which
                            can support the construction of buildings with a total value of more than 5,000 million baht.
                            and construction/system work personnel Experts in all positions with a lot of experience
                            Have a professional license in Control Engineering (Kor. Kor.) with the main policy to create
                            quality work and efficient customer service. To create maximum customer satisfaction.
                        </p>
                        <p>
                            Over the past 20 years, the company has gained the trust of organizations in government
                            agencies, state enterprises and the private sector, clearly demonstrating the quality of the
                            organization. 
                        </p>',
      'detail_en' => '<p>
                            Worawisith Company Limited was established in 1997 and was registered as a juristic
                            person under the Civil and Commercial Code as a limited company on September 29, 1997
                            with a registered capital starting at 10 million baht by a team of engineers who are experts
                            in the field of Construction of buildings and system work by all stages of construction
                            We care and value Combined with an experience that cannot be found in any textbook.
                            But from working with customers in various projects for more than 20 years, the objective
                            is to carry out the construction of quality buildings. meet international standards.
                        </p>
                        <p>
                            At present, the company has increased its registered capital to 200 million baht, which
                            can support the construction of buildings with a total value of more than 5,000 million baht.
                            and construction/system work personnel Experts in all positions with a lot of experience
                            Have a professional license in Control Engineering (Kor. Kor.) with the main policy to create
                            quality work and efficient customer service. To create maximum customer satisfaction.
                        </p>
                        <p>
                            Over the past 20 years, the company has gained the trust of organizations in government
                            agencies, state enterprises and the private sector, clearly demonstrating the quality of the
                            organization. <a href="/about-worawisith">Read More</a>
                        </p>',
      'active_status' => 1,
      'display_status' => 1,
      'sort_number' => 3,
      'created_by' => 1,
      'updated_by' => 2,
      'ip_address' => '49.228.225.212',
      'created_at' => '2021-11-09 14:37:28',
      'updated_at' => '2021-11-10 10:26:52',
    ),
     'original' => 
    array (
      'id' => 3,
      'type_about' => NULL,
      'tilte_th' => 'About Worawisith (Home)',
      'tilte_en' => 'About Worawisith (Home)',
      'detail_th' => '<p>testWorawisith Company Limited was established in 1997 and was registered as a juristic
                            person under the Civil and Commercial Code as a limited company on September 29, 1997
                            with a registered capital starting at 10 million baht by a team of engineers who are experts
                            in the field of Construction of buildings and system work by all stages of construction
                            We care and value Combined with an experience that cannot be found in any textbook.
                            But from working with customers in various projects for more than 20 years, the objective
                            is to carry out the construction of quality buildings. meet international standards.
                        </p>
                        <p>
                            At present, the company has increased its registered capital to 200 million baht, which
                            can support the construction of buildings with a total value of more than 5,000 million baht.
                            and construction/system work personnel Experts in all positions with a lot of experience
                            Have a professional license in Control Engineering (Kor. Kor.) with the main policy to create
                            quality work and efficient customer service. To create maximum customer satisfaction.
                        </p>
                        <p>
                            Over the past 20 years, the company has gained the trust of organizations in government
                            agencies, state enterprises and the private sector, clearly demonstrating the quality of the
                            organization. 
                        </p>',
      'detail_en' => '<p>
                            Worawisith Company Limited was established in 1997 and was registered as a juristic
                            person under the Civil and Commercial Code as a limited company on September 29, 1997
                            with a registered capital starting at 10 million baht by a team of engineers who are experts
                            in the field of Construction of buildings and system work by all stages of construction
                            We care and value Combined with an experience that cannot be found in any textbook.
                            But from working with customers in various projects for more than 20 years, the objective
                            is to carry out the construction of quality buildings. meet international standards.
                        </p>
                        <p>
                            At present, the company has increased its registered capital to 200 million baht, which
                            can support the construction of buildings with a total value of more than 5,000 million baht.
                            and construction/system work personnel Experts in all positions with a lot of experience
                            Have a professional license in Control Engineering (Kor. Kor.) with the main policy to create
                            quality work and efficient customer service. To create maximum customer satisfaction.
                        </p>
                        <p>
                            Over the past 20 years, the company has gained the trust of organizations in government
                            agencies, state enterprises and the private sector, clearly demonstrating the quality of the
                            organization. <a href="/about-worawisith">Read More</a>
                        </p>',
      'active_status' => 1,
      'display_status' => 1,
      'sort_number' => 3,
      'created_by' => 1,
      'updated_by' => 2,
      'ip_address' => '49.228.225.212',
      'created_at' => '2021-11-09 14:37:28',
      'updated_at' => '2021-11-10 10:26:52',
    ),
     'changes' => 
    array (
    ),
     'casts' => 
    array (
    ),
     'classCastCache' => 
    array (
    ),
     'dates' => 
    array (
    ),
     'dateFormat' => NULL,
     'appends' => 
    array (
    ),
     'dispatchesEvents' => 
    array (
    ),
     'observables' => 
    array (
    ),
     'relations' => 
    array (
    ),
     'touches' => 
    array (
    ),
     'hidden' => 
    array (
    ),
     'visible' => 
    array (
    ),
     'fillable' => 
    array (
    ),
     'guarded' => 
    array (
      0 => '*',
    ),
  )),
)  
[2021-11-10 10:27:31] local.INFO: AboutController : update id = 3  
[2021-11-10 10:27:31] local.INFO: array (
  '_token' => 'AwggsQETO15BZh70O52Wfg6rHJvIOxTryj0WGyjK',
  '_method' => 'PATCH',
  'id' => '3',
  'active_status' => '1',
  'display_status' => '1',
  'created_by' => '1',
  'sort_number' => '3',
  'tilte_th' => 'About Worawisith (Home)',
  'detail_th' => '<p>Worawisith Company Limited was established in 1997 and was registered as a juristic
                            person under the Civil and Commercial Code as a limited company on September 29, 1997
                            with a registered capital starting at 10 million baht by a team of engineers who are experts
                            in the field of Construction of buildings and system work by all stages of construction
                            We care and value Combined with an experience that cannot be found in any textbook.
                            But from working with customers in various projects for more than 20 years, the objective
                            is to carry out the construction of quality buildings. meet international standards.
                        </p>
                        <p>
                            At present, the company has increased its registered capital to 200 million baht, which
                            can support the construction of buildings with a total value of more than 5,000 million baht.
                            and construction/system work personnel Experts in all positions with a lot of experience
                            Have a professional license in Control Engineering (Kor. Kor.) with the main policy to create
                            quality work and efficient customer service. To create maximum customer satisfaction.
                        </p>
                        <p>
                            Over the past 20 years, the company has gained the trust of organizations in government
                            agencies, state enterprises and the private sector, clearly demonstrating the quality of the
                            organization. 
                        </p>',
  'tilte_en' => 'About Worawisith (Home)',
  'detail_en' => '<p>
                            Worawisith Company Limited was established in 1997 and was registered as a juristic
                            person under the Civil and Commercial Code as a limited company on September 29, 1997
                            with a registered capital starting at 10 million baht by a team of engineers who are experts
                            in the field of Construction of buildings and system work by all stages of construction
                            We care and value Combined with an experience that cannot be found in any textbook.
                            But from working with customers in various projects for more than 20 years, the objective
                            is to carry out the construction of quality buildings. meet international standards.
                        </p>
                        <p>
                            At present, the company has increased its registered capital to 200 million baht, which
                            can support the construction of buildings with a total value of more than 5,000 million baht.
                            and construction/system work personnel Experts in all positions with a lot of experience
                            Have a professional license in Control Engineering (Kor. Kor.) with the main policy to create
                            quality work and efficient customer service. To create maximum customer satisfaction.
                        </p>
                        <p>
                            Over the past 20 years, the company has gained the trust of organizations in government
                            agencies, state enterprises and the private sector, clearly demonstrating the quality of the
                            organization. <a href="/about-worawisith">Read More</a>
                        </p>',
)  
[2021-11-10 10:27:32] local.INFO: AboutController : index  
[2021-11-10 10:28:17] local.INFO: AboutController : edit id = 1  
[2021-11-10 10:28:17] local.INFO: array (
  'titlePage' => 'เปลี่ยนแปลงข้อมูล About',
  'DataTimeThaiFull' => 'ข้อมูล ณ วันที่ 10 พฤศจิกายน 2564 เวลา 10:28:17 น.',
  'About' => 
  App\Models\About::__set_state(array(
     'table' => 'about',
     'incrementing' => true,
     'timestamps' => true,
     'connection' => 'mysql',
     'primaryKey' => 'id',
     'keyType' => 'int',
     'with' => 
    array (
    ),
     'withCount' => 
    array (
    ),
     'preventsLazyLoading' => false,
     'perPage' => 15,
     'exists' => true,
     'wasRecentlyCreated' => false,
     'escapeWhenCastingToString' => false,
     'attributes' => 
    array (
      'id' => 1,
      'type_about' => NULL,
      'tilte_th' => 'About Worawisith',
      'tilte_en' => 'About Worawisith',
      'detail_th' => '<p>
                                    Worawisith Company Limited was established in 1997 and was registered as a juristic <br>
                                    person under the Civil and Commercial Code as a limited company on September 29, <br>
                                    1997 with a registered capital starting at 10 million baht by a team of engineers who <br>
                                    are experts in the field of Construction of buildings and system work by all stages of <br>
                                    construction We care and value Combined with an experience that cannot be found <br>
                                    in any textbook. But from working with customers in various projects for more than <br>
                                    20 years, the objective is to carry out the construction of quality buildings. meet <br>
                                    international standards.<br><br>
                                    
                                    At present, the company has increased its registered capital to 200 million baht, <br>
                                    which can support the construction of buildings with a total value of more than <br>
                                    5,000 million baht. and construction/system work personnel Experts in all positions <br>
                                    with a lot of experience Have a professional license in Control Engineering (Kor. Kor.) <br>
                                    with the main policy to create quality work and efficient customer service. To create <br>
                                    maximum customer satisfaction.<br><br>
                                    
                                    Over the past 20 years, the company has gained the trust of organizations in government <br>
                                    agencies, state enterprises and the private sector, clearly demonstrating the quality of the <br>
                                    organization.
                                </p>',
      'detail_en' => '<p>
                                    Worawisith Company Limited was established in 1997 and was registered as a juristic <br>
                                    person under the Civil and Commercial Code as a limited company on September 29, <br>
                                    1997 with a registered capital starting at 10 million baht by a team of engineers who <br>
                                    are experts in the field of Construction of buildings and system work by all stages of <br>
                                    construction We care and value Combined with an experience that cannot be found <br>
                                    in any textbook. But from working with customers in various projects for more than <br>
                                    20 years, the objective is to carry out the construction of quality buildings. meet <br>
                                    international standards.<br><br>
                                    
                                    At present, the company has increased its registered capital to 200 million baht, <br>
                                    which can support the construction of buildings with a total value of more than <br>
                                    5,000 million baht. and construction/system work personnel Experts in all positions <br>
                                    with a lot of experience Have a professional license in Control Engineering (Kor. Kor.) <br>
                                    with the main policy to create quality work and efficient customer service. To create <br>
                                    maximum customer satisfaction.<br><br>
                                    
                                    Over the past 20 years, the company has gained the trust of organizations in government <br>
                                    agencies, state enterprises and the private sector, clearly demonstrating the quality of the <br>
                                    organization.
                                </p>',
      'active_status' => 1,
      'display_status' => 1,
      'sort_number' => 1,
      'created_by' => 1,
      'updated_by' => 1,
      'ip_address' => '127.0.0.1',
      'created_at' => '2021-11-09 14:05:05',
      'updated_at' => '2021-11-09 14:05:05',
    ),
     'original' => 
    array (
      'id' => 1,
      'type_about' => NULL,
      'tilte_th' => 'About Worawisith',
      'tilte_en' => 'About Worawisith',
      'detail_th' => '<p>
                                    Worawisith Company Limited was established in 1997 and was registered as a juristic <br>
                                    person under the Civil and Commercial Code as a limited company on September 29, <br>
                                    1997 with a registered capital starting at 10 million baht by a team of engineers who <br>
                                    are experts in the field of Construction of buildings and system work by all stages of <br>
                                    construction We care and value Combined with an experience that cannot be found <br>
                                    in any textbook. But from working with customers in various projects for more than <br>
                                    20 years, the objective is to carry out the construction of quality buildings. meet <br>
                                    international standards.<br><br>
                                    
                                    At present, the company has increased its registered capital to 200 million baht, <br>
                                    which can support the construction of buildings with a total value of more than <br>
                                    5,000 million baht. and construction/system work personnel Experts in all positions <br>
                                    with a lot of experience Have a professional license in Control Engineering (Kor. Kor.) <br>
                                    with the main policy to create quality work and efficient customer service. To create <br>
                                    maximum customer satisfaction.<br><br>
                                    
                                    Over the past 20 years, the company has gained the trust of organizations in government <br>
                                    agencies, state enterprises and the private sector, clearly demonstrating the quality of the <br>
                                    organization.
                                </p>',
      'detail_en' => '<p>
                                    Worawisith Company Limited was established in 1997 and was registered as a juristic <br>
                                    person under the Civil and Commercial Code as a limited company on September 29, <br>
                                    1997 with a registered capital starting at 10 million baht by a team of engineers who <br>
                                    are experts in the field of Construction of buildings and system work by all stages of <br>
                                    construction We care and value Combined with an experience that cannot be found <br>
                                    in any textbook. But from working with customers in various projects for more than <br>
                                    20 years, the objective is to carry out the construction of quality buildings. meet <br>
                                    international standards.<br><br>
                                    
                                    At present, the company has increased its registered capital to 200 million baht, <br>
                                    which can support the construction of buildings with a total value of more than <br>
                                    5,000 million baht. and construction/system work personnel Experts in all positions <br>
                                    with a lot of experience Have a professional license in Control Engineering (Kor. Kor.) <br>
                                    with the main policy to create quality work and efficient customer service. To create <br>
                                    maximum customer satisfaction.<br><br>
                                    
                                    Over the past 20 years, the company has gained the trust of organizations in government <br>
                                    agencies, state enterprises and the private sector, clearly demonstrating the quality of the <br>
                                    organization.
                                </p>',
      'active_status' => 1,
      'display_status' => 1,
      'sort_number' => 1,
      'created_by' => 1,
      'updated_by' => 1,
      'ip_address' => '127.0.0.1',
      'created_at' => '2021-11-09 14:05:05',
      'updated_at' => '2021-11-09 14:05:05',
    ),
     'changes' => 
    array (
    ),
     'casts' => 
    array (
    ),
     'classCastCache' => 
    array (
    ),
     'dates' => 
    array (
    ),
     'dateFormat' => NULL,
     'appends' => 
    array (
    ),
     'dispatchesEvents' => 
    array (
    ),
     'observables' => 
    array (
    ),
     'relations' => 
    array (
    ),
     'touches' => 
    array (
    ),
     'hidden' => 
    array (
    ),
     'visible' => 
    array (
    ),
     'fillable' => 
    array (
    ),
     'guarded' => 
    array (
      0 => '*',
    ),
  )),
)  
[2021-11-10 10:28:21] local.INFO: AboutController : update id = 1  
[2021-11-10 10:28:21] local.INFO: array (
  '_token' => 'AwggsQETO15BZh70O52Wfg6rHJvIOxTryj0WGyjK',
  '_method' => 'PATCH',
  'id' => '1',
  'active_status' => '1',
  'display_status' => '1',
  'created_by' => '1',
  'sort_number' => '1',
  'tilte_th' => 'About Worawisith',
  'detail_th' => '<p>teWorawisith Company Limited was established in 1997 and was registered as a juristic <br>
                                    person under the Civil and Commercial Code as a limited company on September 29, <br>
                                    1997 with a registered capital starting at 10 million baht by a team of engineers who <br>
                                    are experts in the field of Construction of buildings and system work by all stages of <br>
                                    construction We care and value Combined with an experience that cannot be found <br>
                                    in any textbook. But from working with customers in various projects for more than <br>
                                    20 years, the objective is to carry out the construction of quality buildings. meet <br>
                                    international standards.<br><br>
                                    
                                    At present, the company has increased its registered capital to 200 million baht, <br>
                                    which can support the construction of buildings with a total value of more than <br>
                                    5,000 million baht. and construction/system work personnel Experts in all positions <br>
                                    with a lot of experience Have a professional license in Control Engineering (Kor. Kor.) <br>
                                    with the main policy to create quality work and efficient customer service. To create <br>
                                    maximum customer satisfaction.<br><br>
                                    
                                    Over the past 20 years, the company has gained the trust of organizations in government <br>
                                    agencies, state enterprises and the private sector, clearly demonstrating the quality of the <br>
                                    organization.
                                </p>',
  'tilte_en' => 'About Worawisith',
  'detail_en' => '<p>
                                    Worawisith Company Limited was established in 1997 and was registered as a juristic <br>
                                    person under the Civil and Commercial Code as a limited company on September 29, <br>
                                    1997 with a registered capital starting at 10 million baht by a team of engineers who <br>
                                    are experts in the field of Construction of buildings and system work by all stages of <br>
                                    construction We care and value Combined with an experience that cannot be found <br>
                                    in any textbook. But from working with customers in various projects for more than <br>
                                    20 years, the objective is to carry out the construction of quality buildings. meet <br>
                                    international standards.<br><br>
                                    
                                    At present, the company has increased its registered capital to 200 million baht, <br>
                                    which can support the construction of buildings with a total value of more than <br>
                                    5,000 million baht. and construction/system work personnel Experts in all positions <br>
                                    with a lot of experience Have a professional license in Control Engineering (Kor. Kor.) <br>
                                    with the main policy to create quality work and efficient customer service. To create <br>
                                    maximum customer satisfaction.<br><br>
                                    
                                    Over the past 20 years, the company has gained the trust of organizations in government <br>
                                    agencies, state enterprises and the private sector, clearly demonstrating the quality of the <br>
                                    organization.
                                </p>',
)  
[2021-11-10 10:28:21] local.INFO: AboutController : index  
[2021-11-10 10:28:22] local.INFO: HomeController : about  
[2021-11-10 10:28:28] local.INFO: AboutController : edit id = 1  
[2021-11-10 10:28:28] local.INFO: array (
  'titlePage' => 'เปลี่ยนแปลงข้อมูล About',
  'DataTimeThaiFull' => 'ข้อมูล ณ วันที่ 10 พฤศจิกายน 2564 เวลา 10:28:28 น.',
  'About' => 
  App\Models\About::__set_state(array(
     'table' => 'about',
     'incrementing' => true,
     'timestamps' => true,
     'connection' => 'mysql',
     'primaryKey' => 'id',
     'keyType' => 'int',
     'with' => 
    array (
    ),
     'withCount' => 
    array (
    ),
     'preventsLazyLoading' => false,
     'perPage' => 15,
     'exists' => true,
     'wasRecentlyCreated' => false,
     'escapeWhenCastingToString' => false,
     'attributes' => 
    array (
      'id' => 1,
      'type_about' => NULL,
      'tilte_th' => 'About Worawisith',
      'tilte_en' => 'About Worawisith',
      'detail_th' => '<p>teWorawisith Company Limited was established in 1997 and was registered as a juristic <br>
                                    person under the Civil and Commercial Code as a limited company on September 29, <br>
                                    1997 with a registered capital starting at 10 million baht by a team of engineers who <br>
                                    are experts in the field of Construction of buildings and system work by all stages of <br>
                                    construction We care and value Combined with an experience that cannot be found <br>
                                    in any textbook. But from working with customers in various projects for more than <br>
                                    20 years, the objective is to carry out the construction of quality buildings. meet <br>
                                    international standards.<br><br>
                                    
                                    At present, the company has increased its registered capital to 200 million baht, <br>
                                    which can support the construction of buildings with a total value of more than <br>
                                    5,000 million baht. and construction/system work personnel Experts in all positions <br>
                                    with a lot of experience Have a professional license in Control Engineering (Kor. Kor.) <br>
                                    with the main policy to create quality work and efficient customer service. To create <br>
                                    maximum customer satisfaction.<br><br>
                                    
                                    Over the past 20 years, the company has gained the trust of organizations in government <br>
                                    agencies, state enterprises and the private sector, clearly demonstrating the quality of the <br>
                                    organization.
                                </p>',
      'detail_en' => '<p>
                                    Worawisith Company Limited was established in 1997 and was registered as a juristic <br>
                                    person under the Civil and Commercial Code as a limited company on September 29, <br>
                                    1997 with a registered capital starting at 10 million baht by a team of engineers who <br>
                                    are experts in the field of Construction of buildings and system work by all stages of <br>
                                    construction We care and value Combined with an experience that cannot be found <br>
                                    in any textbook. But from working with customers in various projects for more than <br>
                                    20 years, the objective is to carry out the construction of quality buildings. meet <br>
                                    international standards.<br><br>
                                    
                                    At present, the company has increased its registered capital to 200 million baht, <br>
                                    which can support the construction of buildings with a total value of more than <br>
                                    5,000 million baht. and construction/system work personnel Experts in all positions <br>
                                    with a lot of experience Have a professional license in Control Engineering (Kor. Kor.) <br>
                                    with the main policy to create quality work and efficient customer service. To create <br>
                                    maximum customer satisfaction.<br><br>
                                    
                                    Over the past 20 years, the company has gained the trust of organizations in government <br>
                                    agencies, state enterprises and the private sector, clearly demonstrating the quality of the <br>
                                    organization.
                                </p>',
      'active_status' => 1,
      'display_status' => 1,
      'sort_number' => 1,
      'created_by' => 1,
      'updated_by' => 2,
      'ip_address' => '49.228.225.212',
      'created_at' => '2021-11-09 14:05:05',
      'updated_at' => '2021-11-10 10:28:21',
    ),
     'original' => 
    array (
      'id' => 1,
      'type_about' => NULL,
      'tilte_th' => 'About Worawisith',
      'tilte_en' => 'About Worawisith',
      'detail_th' => '<p>teWorawisith Company Limited was established in 1997 and was registered as a juristic <br>
                                    person under the Civil and Commercial Code as a limited company on September 29, <br>
                                    1997 with a registered capital starting at 10 million baht by a team of engineers who <br>
                                    are experts in the field of Construction of buildings and system work by all stages of <br>
                                    construction We care and value Combined with an experience that cannot be found <br>
                                    in any textbook. But from working with customers in various projects for more than <br>
                                    20 years, the objective is to carry out the construction of quality buildings. meet <br>
                                    international standards.<br><br>
                                    
                                    At present, the company has increased its registered capital to 200 million baht, <br>
                                    which can support the construction of buildings with a total value of more than <br>
                                    5,000 million baht. and construction/system work personnel Experts in all positions <br>
                                    with a lot of experience Have a professional license in Control Engineering (Kor. Kor.) <br>
                                    with the main policy to create quality work and efficient customer service. To create <br>
                                    maximum customer satisfaction.<br><br>
                                    
                                    Over the past 20 years, the company has gained the trust of organizations in government <br>
                                    agencies, state enterprises and the private sector, clearly demonstrating the quality of the <br>
                                    organization.
                                </p>',
      'detail_en' => '<p>
                                    Worawisith Company Limited was established in 1997 and was registered as a juristic <br>
                                    person under the Civil and Commercial Code as a limited company on September 29, <br>
                                    1997 with a registered capital starting at 10 million baht by a team of engineers who <br>
                                    are experts in the field of Construction of buildings and system work by all stages of <br>
                                    construction We care and value Combined with an experience that cannot be found <br>
                                    in any textbook. But from working with customers in various projects for more than <br>
                                    20 years, the objective is to carry out the construction of quality buildings. meet <br>
                                    international standards.<br><br>
                                    
                                    At present, the company has increased its registered capital to 200 million baht, <br>
                                    which can support the construction of buildings with a total value of more than <br>
                                    5,000 million baht. and construction/system work personnel Experts in all positions <br>
                                    with a lot of experience Have a professional license in Control Engineering (Kor. Kor.) <br>
                                    with the main policy to create quality work and efficient customer service. To create <br>
                                    maximum customer satisfaction.<br><br>
                                    
                                    Over the past 20 years, the company has gained the trust of organizations in government <br>
                                    agencies, state enterprises and the private sector, clearly demonstrating the quality of the <br>
                                    organization.
                                </p>',
      'active_status' => 1,
      'display_status' => 1,
      'sort_number' => 1,
      'created_by' => 1,
      'updated_by' => 2,
      'ip_address' => '49.228.225.212',
      'created_at' => '2021-11-09 14:05:05',
      'updated_at' => '2021-11-10 10:28:21',
    ),
     'changes' => 
    array (
    ),
     'casts' => 
    array (
    ),
     'classCastCache' => 
    array (
    ),
     'dates' => 
    array (
    ),
     'dateFormat' => NULL,
     'appends' => 
    array (
    ),
     'dispatchesEvents' => 
    array (
    ),
     'observables' => 
    array (
    ),
     'relations' => 
    array (
    ),
     'touches' => 
    array (
    ),
     'hidden' => 
    array (
    ),
     'visible' => 
    array (
    ),
     'fillable' => 
    array (
    ),
     'guarded' => 
    array (
      0 => '*',
    ),
  )),
)  
[2021-11-10 10:28:33] local.INFO: AboutController : update id = 1  
[2021-11-10 10:28:33] local.INFO: array (
  '_token' => 'AwggsQETO15BZh70O52Wfg6rHJvIOxTryj0WGyjK',
  '_method' => 'PATCH',
  'id' => '1',
  'active_status' => '1',
  'display_status' => '1',
  'created_by' => '1',
  'sort_number' => '1',
  'tilte_th' => 'About Worawisith',
  'detail_th' => '<p>Worawisith Company Limited was established in 1997 and was registered as a juristic <br>
                                    person under the Civil and Commercial Code as a limited company on September 29, <br>
                                    1997 with a registered capital starting at 10 million baht by a team of engineers who <br>
                                    are experts in the field of Construction of buildings and system work by all stages of <br>
                                    construction We care and value Combined with an experience that cannot be found <br>
                                    in any textbook. But from working with customers in various projects for more than <br>
                                    20 years, the objective is to carry out the construction of quality buildings. meet <br>
                                    international standards.<br><br>
                                    
                                    At present, the company has increased its registered capital to 200 million baht, <br>
                                    which can support the construction of buildings with a total value of more than <br>
                                    5,000 million baht. and construction/system work personnel Experts in all positions <br>
                                    with a lot of experience Have a professional license in Control Engineering (Kor. Kor.) <br>
                                    with the main policy to create quality work and efficient customer service. To create <br>
                                    maximum customer satisfaction.<br><br>
                                    
                                    Over the past 20 years, the company has gained the trust of organizations in government <br>
                                    agencies, state enterprises and the private sector, clearly demonstrating the quality of the <br>
                                    organization.
                                </p>',
  'tilte_en' => 'About Worawisith',
  'detail_en' => '<p>
                                    Worawisith Company Limited was established in 1997 and was registered as a juristic <br>
                                    person under the Civil and Commercial Code as a limited company on September 29, <br>
                                    1997 with a registered capital starting at 10 million baht by a team of engineers who <br>
                                    are experts in the field of Construction of buildings and system work by all stages of <br>
                                    construction We care and value Combined with an experience that cannot be found <br>
                                    in any textbook. But from working with customers in various projects for more than <br>
                                    20 years, the objective is to carry out the construction of quality buildings. meet <br>
                                    international standards.<br><br>
                                    
                                    At present, the company has increased its registered capital to 200 million baht, <br>
                                    which can support the construction of buildings with a total value of more than <br>
                                    5,000 million baht. and construction/system work personnel Experts in all positions <br>
                                    with a lot of experience Have a professional license in Control Engineering (Kor. Kor.) <br>
                                    with the main policy to create quality work and efficient customer service. To create <br>
                                    maximum customer satisfaction.<br><br>
                                    
                                    Over the past 20 years, the company has gained the trust of organizations in government <br>
                                    agencies, state enterprises and the private sector, clearly demonstrating the quality of the <br>
                                    organization.
                                </p>',
)  
[2021-11-10 10:28:33] local.INFO: AboutController : index  
[2021-11-10 10:28:37] local.INFO: NewsController : index  
[2021-11-10 10:28:44] local.INFO: HomeController : visionandmission  
[2021-11-10 10:28:51] local.INFO: HomeController : porfoliogroup id = 2  
[2021-11-10 10:29:03] local.INFO: PortfolioMainController : index  
[2021-11-10 10:29:12] local.INFO: PortfolioTypeController : index  
[2021-11-10 10:29:16] local.INFO: PortfolioController : index  
[2021-11-10 10:29:23] local.INFO: PortfolioController : edit id = 3  
[2021-11-10 10:29:23] local.INFO: array (
  'titlePage' => 'เปลี่ยนแปลงข้อมูลผลงาน',
  'DataTimeThaiFull' => 'ข้อมูล ณ วันที่ 10 พฤศจิกายน 2564 เวลา 10:29:23 น.',
  'Portfolio' => 
  App\Models\Portfolio::__set_state(array(
     'table' => 'portfolio',
     'incrementing' => true,
     'timestamps' => true,
     'connection' => 'mysql',
     'primaryKey' => 'id',
     'keyType' => 'int',
     'with' => 
    array (
    ),
     'withCount' => 
    array (
    ),
     'preventsLazyLoading' => false,
     'perPage' => 15,
     'exists' => true,
     'wasRecentlyCreated' => false,
     'escapeWhenCastingToString' => false,
     'attributes' => 
    array (
      'id' => 3,
      'type_portfolio' => '2',
      'tilte_th' => 'ทดสอบ',
      'tilte_en' => 'ทดสอบ',
      'location_th' => 'ทดสอบ',
      'location_en' => 'ทดสอบ',
      'project_owner_th' => 'ทดสอบ',
      'project_owner_en' => 'ทดสอบ',
      'project_value' => '100',
      'project_start' => '100',
      'project_completion' => '100',
      'project_completion_month' => '100',
      'project_start_month' => '100',
      'detail_th' => '<p>ทดสอบ<br></p>',
      'detail_en' => '<p>ทดสอบ<br></p>',
      'image_main' => 'assets/frontend/img/portfolio/3/img-CivilServantBuilding.png',
      'active_status' => 1,
      'display_status' => 1,
      'sort_number' => 3,
      'created_by' => 1,
      'updated_by' => 1,
      'ip_address' => '127.0.0.1',
      'created_at' => '2021-11-09 21:42:43',
      'updated_at' => '2021-11-09 21:42:43',
    ),
     'original' => 
    array (
      'id' => 3,
      'type_portfolio' => '2',
      'tilte_th' => 'ทดสอบ',
      'tilte_en' => 'ทดสอบ',
      'location_th' => 'ทดสอบ',
      'location_en' => 'ทดสอบ',
      'project_owner_th' => 'ทดสอบ',
      'project_owner_en' => 'ทดสอบ',
      'project_value' => '100',
      'project_start' => '100',
      'project_completion' => '100',
      'project_completion_month' => '100',
      'project_start_month' => '100',
      'detail_th' => '<p>ทดสอบ<br></p>',
      'detail_en' => '<p>ทดสอบ<br></p>',
      'image_main' => 'assets/frontend/img/portfolio/3/img-CivilServantBuilding.png',
      'active_status' => 1,
      'display_status' => 1,
      'sort_number' => 3,
      'created_by' => 1,
      'updated_by' => 1,
      'ip_address' => '127.0.0.1',
      'created_at' => '2021-11-09 21:42:43',
      'updated_at' => '2021-11-09 21:42:43',
    ),
     'changes' => 
    array (
    ),
     'casts' => 
    array (
    ),
     'classCastCache' => 
    array (
    ),
     'dates' => 
    array (
    ),
     'dateFormat' => NULL,
     'appends' => 
    array (
    ),
     'dispatchesEvents' => 
    array (
    ),
     'observables' => 
    array (
    ),
     'relations' => 
    array (
    ),
     'touches' => 
    array (
    ),
     'hidden' => 
    array (
    ),
     'visible' => 
    array (
    ),
     'fillable' => 
    array (
    ),
     'guarded' => 
    array (
      0 => '*',
    ),
  )),
  'Images' => 
  Illuminate\Database\Eloquent\Collection::__set_state(array(
     'items' => 
    array (
      0 => 
      App\Models\PortfolioImage::__set_state(array(
         'table' => 'portfolio_image',
         'incrementing' => true,
         'timestamps' => true,
         'connection' => 'mysql',
         'primaryKey' => 'id',
         'keyType' => 'int',
         'with' => 
        array (
        ),
         'withCount' => 
        array (
        ),
         'preventsLazyLoading' => false,
         'perPage' => 15,
         'exists' => true,
         'wasRecentlyCreated' => false,
         'escapeWhenCastingToString' => false,
         'attributes' => 
        array (
          'id' => 8,
          'portfolio_id' => '3',
          'image' => 'assets/frontend/img/portfolio/3/img-CivilServantBuilding.png',
          'active_status' => 1,
          'display_status' => 1,
          'sort_number' => 1,
          'created_by' => 1,
          'updated_by' => 1,
          'ip_address' => '127.0.0.1',
          'created_at' => '2021-11-09 21:42:43',
          'updated_at' => '2021-11-09 21:42:43',
        ),
         'original' => 
        array (
          'id' => 8,
          'portfolio_id' => '3',
          'image' => 'assets/frontend/img/portfolio/3/img-CivilServantBuilding.png',
          'active_status' => 1,
          'display_status' => 1,
          'sort_number' => 1,
          'created_by' => 1,
          'updated_by' => 1,
          'ip_address' => '127.0.0.1',
          'created_at' => '2021-11-09 21:42:43',
          'updated_at' => '2021-11-09 21:42:43',
        ),
         'changes' => 
        array (
        ),
         'casts' => 
        array (
        ),
         'classCastCache' => 
        array (
        ),
         'dates' => 
        array (
        ),
         'dateFormat' => NULL,
         'appends' => 
        array (
        ),
         'dispatchesEvents' => 
        array (
        ),
         'observables' => 
        array (
        ),
         'relations' => 
        array (
        ),
         'touches' => 
        array (
        ),
         'hidden' => 
        array (
        ),
         'visible' => 
        array (
        ),
         'fillable' => 
        array (
        ),
         'guarded' => 
        array (
          0 => '*',
        ),
      )),
      1 => 
      App\Models\PortfolioImage::__set_state(array(
         'table' => 'portfolio_image',
         'incrementing' => true,
         'timestamps' => true,
         'connection' => 'mysql',
         'primaryKey' => 'id',
         'keyType' => 'int',
         'with' => 
        array (
        ),
         'withCount' => 
        array (
        ),
         'preventsLazyLoading' => false,
         'perPage' => 15,
         'exists' => true,
         'wasRecentlyCreated' => false,
         'escapeWhenCastingToString' => false,
         'attributes' => 
        array (
          'id' => 9,
          'portfolio_id' => '3',
          'image' => 'assets/frontend/img/portfolio/3/img-detail-project.png',
          'active_status' => 1,
          'display_status' => 1,
          'sort_number' => 2,
          'created_by' => 1,
          'updated_by' => 1,
          'ip_address' => '127.0.0.1',
          'created_at' => '2021-11-09 21:42:43',
          'updated_at' => '2021-11-09 21:42:43',
        ),
         'original' => 
        array (
          'id' => 9,
          'portfolio_id' => '3',
          'image' => 'assets/frontend/img/portfolio/3/img-detail-project.png',
          'active_status' => 1,
          'display_status' => 1,
          'sort_number' => 2,
          'created_by' => 1,
          'updated_by' => 1,
          'ip_address' => '127.0.0.1',
          'created_at' => '2021-11-09 21:42:43',
          'updated_at' => '2021-11-09 21:42:43',
        ),
         'changes' => 
        array (
        ),
         'casts' => 
        array (
        ),
         'classCastCache' => 
        array (
        ),
         'dates' => 
        array (
        ),
         'dateFormat' => NULL,
         'appends' => 
        array (
        ),
         'dispatchesEvents' => 
        array (
        ),
         'observables' => 
        array (
        ),
         'relations' => 
        array (
        ),
         'touches' => 
        array (
        ),
         'hidden' => 
        array (
        ),
         'visible' => 
        array (
        ),
         'fillable' => 
        array (
        ),
         'guarded' => 
        array (
          0 => '*',
        ),
      )),
      2 => 
      App\Models\PortfolioImage::__set_state(array(
         'table' => 'portfolio_image',
         'incrementing' => true,
         'timestamps' => true,
         'connection' => 'mysql',
         'primaryKey' => 'id',
         'keyType' => 'int',
         'with' => 
        array (
        ),
         'withCount' => 
        array (
        ),
         'preventsLazyLoading' => false,
         'perPage' => 15,
         'exists' => true,
         'wasRecentlyCreated' => false,
         'escapeWhenCastingToString' => false,
         'attributes' => 
        array (
          'id' => 10,
          'portfolio_id' => '3',
          'image' => 'assets/frontend/img/portfolio/3/img-CivilServantBuilding.png',
          'active_status' => 1,
          'display_status' => 1,
          'sort_number' => 3,
          'created_by' => 1,
          'updated_by' => 1,
          'ip_address' => '127.0.0.1',
          'created_at' => '2021-11-09 21:42:43',
          'updated_at' => '2021-11-09 21:42:43',
        ),
         'original' => 
        array (
          'id' => 10,
          'portfolio_id' => '3',
          'image' => 'assets/frontend/img/portfolio/3/img-CivilServantBuilding.png',
          'active_status' => 1,
          'display_status' => 1,
          'sort_number' => 3,
          'created_by' => 1,
          'updated_by' => 1,
          'ip_address' => '127.0.0.1',
          'created_at' => '2021-11-09 21:42:43',
          'updated_at' => '2021-11-09 21:42:43',
        ),
         'changes' => 
        array (
        ),
         'casts' => 
        array (
        ),
         'classCastCache' => 
        array (
        ),
         'dates' => 
        array (
        ),
         'dateFormat' => NULL,
         'appends' => 
        array (
        ),
         'dispatchesEvents' => 
        array (
        ),
         'observables' => 
        array (
        ),
         'relations' => 
        array (
        ),
         'touches' => 
        array (
        ),
         'hidden' => 
        array (
        ),
         'visible' => 
        array (
        ),
         'fillable' => 
        array (
        ),
         'guarded' => 
        array (
          0 => '*',
        ),
      )),
    ),
     'escapeWhenCastingToString' => false,
  )),
)  
[2021-11-10 10:29:33] local.INFO: HomeController : porfoliogroup id = 1  
[2021-11-10 10:29:34] local.INFO: HomeController : porfoliodetail id = 2  
[2021-11-10 10:29:42] local.INFO: PortfolioController : edit id = 2  
[2021-11-10 10:29:42] local.INFO: array (
  'titlePage' => 'เปลี่ยนแปลงข้อมูลผลงาน',
  'DataTimeThaiFull' => 'ข้อมูล ณ วันที่ 10 พฤศจิกายน 2564 เวลา 10:29:42 น.',
  'Portfolio' => 
  App\Models\Portfolio::__set_state(array(
     'table' => 'portfolio',
     'incrementing' => true,
     'timestamps' => true,
     'connection' => 'mysql',
     'primaryKey' => 'id',
     'keyType' => 'int',
     'with' => 
    array (
    ),
     'withCount' => 
    array (
    ),
     'preventsLazyLoading' => false,
     'perPage' => 15,
     'exists' => true,
     'wasRecentlyCreated' => false,
     'escapeWhenCastingToString' => false,
     'attributes' => 
    array (
      'id' => 2,
      'type_portfolio' => '1',
      'tilte_th' => 'ทดสอบ2',
      'tilte_en' => 'ทดสอบ',
      'location_th' => 'ทดสอบ',
      'location_en' => 'ทดสอบ',
      'project_owner_th' => 'ทดสอบ',
      'project_owner_en' => 'ทดสอบ',
      'project_value' => '1000',
      'project_start' => '1000',
      'project_completion' => '1000',
      'project_completion_month' => 'ทดสอบ',
      'project_start_month' => 'ทดสอบ',
      'detail_th' => '<p>ทดสอบ<br></p>',
      'detail_en' => '<p>ทดสอบ<br></p>',
      'image_main' => 'assets/frontend/img/portfolio/2/img-medical.png',
      'active_status' => 1,
      'display_status' => 1,
      'sort_number' => 2,
      'created_by' => 1,
      'updated_by' => 1,
      'ip_address' => '127.0.0.1',
      'created_at' => '2021-11-09 20:10:32',
      'updated_at' => '2021-11-09 20:14:56',
    ),
     'original' => 
    array (
      'id' => 2,
      'type_portfolio' => '1',
      'tilte_th' => 'ทดสอบ2',
      'tilte_en' => 'ทดสอบ',
      'location_th' => 'ทดสอบ',
      'location_en' => 'ทดสอบ',
      'project_owner_th' => 'ทดสอบ',
      'project_owner_en' => 'ทดสอบ',
      'project_value' => '1000',
      'project_start' => '1000',
      'project_completion' => '1000',
      'project_completion_month' => 'ทดสอบ',
      'project_start_month' => 'ทดสอบ',
      'detail_th' => '<p>ทดสอบ<br></p>',
      'detail_en' => '<p>ทดสอบ<br></p>',
      'image_main' => 'assets/frontend/img/portfolio/2/img-medical.png',
      'active_status' => 1,
      'display_status' => 1,
      'sort_number' => 2,
      'created_by' => 1,
      'updated_by' => 1,
      'ip_address' => '127.0.0.1',
      'created_at' => '2021-11-09 20:10:32',
      'updated_at' => '2021-11-09 20:14:56',
    ),
     'changes' => 
    array (
    ),
     'casts' => 
    array (
    ),
     'classCastCache' => 
    array (
    ),
     'dates' => 
    array (
    ),
     'dateFormat' => NULL,
     'appends' => 
    array (
    ),
     'dispatchesEvents' => 
    array (
    ),
     'observables' => 
    array (
    ),
     'relations' => 
    array (
    ),
     'touches' => 
    array (
    ),
     'hidden' => 
    array (
    ),
     'visible' => 
    array (
    ),
     'fillable' => 
    array (
    ),
     'guarded' => 
    array (
      0 => '*',
    ),
  )),
  'Images' => 
  Illuminate\Database\Eloquent\Collection::__set_state(array(
     'items' => 
    array (
      0 => 
      App\Models\PortfolioImage::__set_state(array(
         'table' => 'portfolio_image',
         'incrementing' => true,
         'timestamps' => true,
         'connection' => 'mysql',
         'primaryKey' => 'id',
         'keyType' => 'int',
         'with' => 
        array (
        ),
         'withCount' => 
        array (
        ),
         'preventsLazyLoading' => false,
         'perPage' => 15,
         'exists' => true,
         'wasRecentlyCreated' => false,
         'escapeWhenCastingToString' => false,
         'attributes' => 
        array (
          'id' => 5,
          'portfolio_id' => '2',
          'image' => 'assets/frontend/img/portfolio/2/img-medical.png',
          'active_status' => 1,
          'display_status' => 1,
          'sort_number' => 1,
          'created_by' => 1,
          'updated_by' => 1,
          'ip_address' => '127.0.0.1',
          'created_at' => '2021-11-09 20:10:32',
          'updated_at' => '2021-11-09 20:10:32',
        ),
         'original' => 
        array (
          'id' => 5,
          'portfolio_id' => '2',
          'image' => 'assets/frontend/img/portfolio/2/img-medical.png',
          'active_status' => 1,
          'display_status' => 1,
          'sort_number' => 1,
          'created_by' => 1,
          'updated_by' => 1,
          'ip_address' => '127.0.0.1',
          'created_at' => '2021-11-09 20:10:32',
          'updated_at' => '2021-11-09 20:10:32',
        ),
         'changes' => 
        array (
        ),
         'casts' => 
        array (
        ),
         'classCastCache' => 
        array (
        ),
         'dates' => 
        array (
        ),
         'dateFormat' => NULL,
         'appends' => 
        array (
        ),
         'dispatchesEvents' => 
        array (
        ),
         'observables' => 
        array (
        ),
         'relations' => 
        array (
        ),
         'touches' => 
        array (
        ),
         'hidden' => 
        array (
        ),
         'visible' => 
        array (
        ),
         'fillable' => 
        array (
        ),
         'guarded' => 
        array (
          0 => '*',
        ),
      )),
      1 => 
      App\Models\PortfolioImage::__set_state(array(
         'table' => 'portfolio_image',
         'incrementing' => true,
         'timestamps' => true,
         'connection' => 'mysql',
         'primaryKey' => 'id',
         'keyType' => 'int',
         'with' => 
        array (
        ),
         'withCount' => 
        array (
        ),
         'preventsLazyLoading' => false,
         'perPage' => 15,
         'exists' => true,
         'wasRecentlyCreated' => false,
         'escapeWhenCastingToString' => false,
         'attributes' => 
        array (
          'id' => 6,
          'portfolio_id' => '2',
          'image' => 'assets/frontend/img/portfolio/2/img-CivilServantBuilding.png',
          'active_status' => 1,
          'display_status' => 1,
          'sort_number' => 2,
          'created_by' => 1,
          'updated_by' => 1,
          'ip_address' => '127.0.0.1',
          'created_at' => '2021-11-09 20:10:32',
          'updated_at' => '2021-11-09 20:10:32',
        ),
         'original' => 
        array (
          'id' => 6,
          'portfolio_id' => '2',
          'image' => 'assets/frontend/img/portfolio/2/img-CivilServantBuilding.png',
          'active_status' => 1,
          'display_status' => 1,
          'sort_number' => 2,
          'created_by' => 1,
          'updated_by' => 1,
          'ip_address' => '127.0.0.1',
          'created_at' => '2021-11-09 20:10:32',
          'updated_at' => '2021-11-09 20:10:32',
        ),
         'changes' => 
        array (
        ),
         'casts' => 
        array (
        ),
         'classCastCache' => 
        array (
        ),
         'dates' => 
        array (
        ),
         'dateFormat' => NULL,
         'appends' => 
        array (
        ),
         'dispatchesEvents' => 
        array (
        ),
         'observables' => 
        array (
        ),
         'relations' => 
        array (
        ),
         'touches' => 
        array (
        ),
         'hidden' => 
        array (
        ),
         'visible' => 
        array (
        ),
         'fillable' => 
        array (
        ),
         'guarded' => 
        array (
          0 => '*',
        ),
      )),
      2 => 
      App\Models\PortfolioImage::__set_state(array(
         'table' => 'portfolio_image',
         'incrementing' => true,
         'timestamps' => true,
         'connection' => 'mysql',
         'primaryKey' => 'id',
         'keyType' => 'int',
         'with' => 
        array (
        ),
         'withCount' => 
        array (
        ),
         'preventsLazyLoading' => false,
         'perPage' => 15,
         'exists' => true,
         'wasRecentlyCreated' => false,
         'escapeWhenCastingToString' => false,
         'attributes' => 
        array (
          'id' => 7,
          'portfolio_id' => '2',
          'image' => 'assets/frontend/img/portfolio/2/img-detail-project.png',
          'active_status' => 1,
          'display_status' => 1,
          'sort_number' => 3,
          'created_by' => 1,
          'updated_by' => 1,
          'ip_address' => '127.0.0.1',
          'created_at' => '2021-11-09 20:10:32',
          'updated_at' => '2021-11-09 20:10:32',
        ),
         'original' => 
        array (
          'id' => 7,
          'portfolio_id' => '2',
          'image' => 'assets/frontend/img/portfolio/2/img-detail-project.png',
          'active_status' => 1,
          'display_status' => 1,
          'sort_number' => 3,
          'created_by' => 1,
          'updated_by' => 1,
          'ip_address' => '127.0.0.1',
          'created_at' => '2021-11-09 20:10:32',
          'updated_at' => '2021-11-09 20:10:32',
        ),
         'changes' => 
        array (
        ),
         'casts' => 
        array (
        ),
         'classCastCache' => 
        array (
        ),
         'dates' => 
        array (
        ),
         'dateFormat' => NULL,
         'appends' => 
        array (
        ),
         'dispatchesEvents' => 
        array (
        ),
         'observables' => 
        array (
        ),
         'relations' => 
        array (
        ),
         'touches' => 
        array (
        ),
         'hidden' => 
        array (
        ),
         'visible' => 
        array (
        ),
         'fillable' => 
        array (
        ),
         'guarded' => 
        array (
          0 => '*',
        ),
      )),
    ),
     'escapeWhenCastingToString' => false,
  )),
)  
[2021-11-10 10:29:51] local.INFO: PortfolioController : index  
[2021-11-10 10:29:56] local.INFO: PortfolioController : edit id = 3  
[2021-11-10 10:29:56] local.INFO: array (
  'titlePage' => 'เปลี่ยนแปลงข้อมูลผลงาน',
  'DataTimeThaiFull' => 'ข้อมูล ณ วันที่ 10 พฤศจิกายน 2564 เวลา 10:29:56 น.',
  'Portfolio' => 
  App\Models\Portfolio::__set_state(array(
     'table' => 'portfolio',
     'incrementing' => true,
     'timestamps' => true,
     'connection' => 'mysql',
     'primaryKey' => 'id',
     'keyType' => 'int',
     'with' => 
    array (
    ),
     'withCount' => 
    array (
    ),
     'preventsLazyLoading' => false,
     'perPage' => 15,
     'exists' => true,
     'wasRecentlyCreated' => false,
     'escapeWhenCastingToString' => false,
     'attributes' => 
    array (
      'id' => 3,
      'type_portfolio' => '2',
      'tilte_th' => 'ทดสอบ',
      'tilte_en' => 'ทดสอบ',
      'location_th' => 'ทดสอบ',
      'location_en' => 'ทดสอบ',
      'project_owner_th' => 'ทดสอบ',
      'project_owner_en' => 'ทดสอบ',
      'project_value' => '100',
      'project_start' => '100',
      'project_completion' => '100',
      'project_completion_month' => '100',
      'project_start_month' => '100',
      'detail_th' => '<p>ทดสอบ<br></p>',
      'detail_en' => '<p>ทดสอบ<br></p>',
      'image_main' => 'assets/frontend/img/portfolio/3/img-CivilServantBuilding.png',
      'active_status' => 1,
      'display_status' => 1,
      'sort_number' => 3,
      'created_by' => 1,
      'updated_by' => 1,
      'ip_address' => '127.0.0.1',
      'created_at' => '2021-11-09 21:42:43',
      'updated_at' => '2021-11-09 21:42:43',
    ),
     'original' => 
    array (
      'id' => 3,
      'type_portfolio' => '2',
      'tilte_th' => 'ทดสอบ',
      'tilte_en' => 'ทดสอบ',
      'location_th' => 'ทดสอบ',
      'location_en' => 'ทดสอบ',
      'project_owner_th' => 'ทดสอบ',
      'project_owner_en' => 'ทดสอบ',
      'project_value' => '100',
      'project_start' => '100',
      'project_completion' => '100',
      'project_completion_month' => '100',
      'project_start_month' => '100',
      'detail_th' => '<p>ทดสอบ<br></p>',
      'detail_en' => '<p>ทดสอบ<br></p>',
      'image_main' => 'assets/frontend/img/portfolio/3/img-CivilServantBuilding.png',
      'active_status' => 1,
      'display_status' => 1,
      'sort_number' => 3,
      'created_by' => 1,
      'updated_by' => 1,
      'ip_address' => '127.0.0.1',
      'created_at' => '2021-11-09 21:42:43',
      'updated_at' => '2021-11-09 21:42:43',
    ),
     'changes' => 
    array (
    ),
     'casts' => 
    array (
    ),
     'classCastCache' => 
    array (
    ),
     'dates' => 
    array (
    ),
     'dateFormat' => NULL,
     'appends' => 
    array (
    ),
     'dispatchesEvents' => 
    array (
    ),
     'observables' => 
    array (
    ),
     'relations' => 
    array (
    ),
     'touches' => 
    array (
    ),
     'hidden' => 
    array (
    ),
     'visible' => 
    array (
    ),
     'fillable' => 
    array (
    ),
     'guarded' => 
    array (
      0 => '*',
    ),
  )),
  'Images' => 
  Illuminate\Database\Eloquent\Collection::__set_state(array(
     'items' => 
    array (
      0 => 
      App\Models\PortfolioImage::__set_state(array(
         'table' => 'portfolio_image',
         'incrementing' => true,
         'timestamps' => true,
         'connection' => 'mysql',
         'primaryKey' => 'id',
         'keyType' => 'int',
         'with' => 
        array (
        ),
         'withCount' => 
        array (
        ),
         'preventsLazyLoading' => false,
         'perPage' => 15,
         'exists' => true,
         'wasRecentlyCreated' => false,
         'escapeWhenCastingToString' => false,
         'attributes' => 
        array (
          'id' => 8,
          'portfolio_id' => '3',
          'image' => 'assets/frontend/img/portfolio/3/img-CivilServantBuilding.png',
          'active_status' => 1,
          'display_status' => 1,
          'sort_number' => 1,
          'created_by' => 1,
          'updated_by' => 1,
          'ip_address' => '127.0.0.1',
          'created_at' => '2021-11-09 21:42:43',
          'updated_at' => '2021-11-09 21:42:43',
        ),
         'original' => 
        array (
          'id' => 8,
          'portfolio_id' => '3',
          'image' => 'assets/frontend/img/portfolio/3/img-CivilServantBuilding.png',
          'active_status' => 1,
          'display_status' => 1,
          'sort_number' => 1,
          'created_by' => 1,
          'updated_by' => 1,
          'ip_address' => '127.0.0.1',
          'created_at' => '2021-11-09 21:42:43',
          'updated_at' => '2021-11-09 21:42:43',
        ),
         'changes' => 
        array (
        ),
         'casts' => 
        array (
        ),
         'classCastCache' => 
        array (
        ),
         'dates' => 
        array (
        ),
         'dateFormat' => NULL,
         'appends' => 
        array (
        ),
         'dispatchesEvents' => 
        array (
        ),
         'observables' => 
        array (
        ),
         'relations' => 
        array (
        ),
         'touches' => 
        array (
        ),
         'hidden' => 
        array (
        ),
         'visible' => 
        array (
        ),
         'fillable' => 
        array (
        ),
         'guarded' => 
        array (
          0 => '*',
        ),
      )),
      1 => 
      App\Models\PortfolioImage::__set_state(array(
         'table' => 'portfolio_image',
         'incrementing' => true,
         'timestamps' => true,
         'connection' => 'mysql',
         'primaryKey' => 'id',
         'keyType' => 'int',
         'with' => 
        array (
        ),
         'withCount' => 
        array (
        ),
         'preventsLazyLoading' => false,
         'perPage' => 15,
         'exists' => true,
         'wasRecentlyCreated' => false,
         'escapeWhenCastingToString' => false,
         'attributes' => 
        array (
          'id' => 9,
          'portfolio_id' => '3',
          'image' => 'assets/frontend/img/portfolio/3/img-detail-project.png',
          'active_status' => 1,
          'display_status' => 1,
          'sort_number' => 2,
          'created_by' => 1,
          'updated_by' => 1,
          'ip_address' => '127.0.0.1',
          'created_at' => '2021-11-09 21:42:43',
          'updated_at' => '2021-11-09 21:42:43',
        ),
         'original' => 
        array (
          'id' => 9,
          'portfolio_id' => '3',
          'image' => 'assets/frontend/img/portfolio/3/img-detail-project.png',
          'active_status' => 1,
          'display_status' => 1,
          'sort_number' => 2,
          'created_by' => 1,
          'updated_by' => 1,
          'ip_address' => '127.0.0.1',
          'created_at' => '2021-11-09 21:42:43',
          'updated_at' => '2021-11-09 21:42:43',
        ),
         'changes' => 
        array (
        ),
         'casts' => 
        array (
        ),
         'classCastCache' => 
        array (
        ),
         'dates' => 
        array (
        ),
         'dateFormat' => NULL,
         'appends' => 
        array (
        ),
         'dispatchesEvents' => 
        array (
        ),
         'observables' => 
        array (
        ),
         'relations' => 
        array (
        ),
         'touches' => 
        array (
        ),
         'hidden' => 
        array (
        ),
         'visible' => 
        array (
        ),
         'fillable' => 
        array (
        ),
         'guarded' => 
        array (
          0 => '*',
        ),
      )),
      2 => 
      App\Models\PortfolioImage::__set_state(array(
         'table' => 'portfolio_image',
         'incrementing' => true,
         'timestamps' => true,
         'connection' => 'mysql',
         'primaryKey' => 'id',
         'keyType' => 'int',
         'with' => 
        array (
        ),
         'withCount' => 
        array (
        ),
         'preventsLazyLoading' => false,
         'perPage' => 15,
         'exists' => true,
         'wasRecentlyCreated' => false,
         'escapeWhenCastingToString' => false,
         'attributes' => 
        array (
          'id' => 10,
          'portfolio_id' => '3',
          'image' => 'assets/frontend/img/portfolio/3/img-CivilServantBuilding.png',
          'active_status' => 1,
          'display_status' => 1,
          'sort_number' => 3,
          'created_by' => 1,
          'updated_by' => 1,
          'ip_address' => '127.0.0.1',
          'created_at' => '2021-11-09 21:42:43',
          'updated_at' => '2021-11-09 21:42:43',
        ),
         'original' => 
        array (
          'id' => 10,
          'portfolio_id' => '3',
          'image' => 'assets/frontend/img/portfolio/3/img-CivilServantBuilding.png',
          'active_status' => 1,
          'display_status' => 1,
          'sort_number' => 3,
          'created_by' => 1,
          'updated_by' => 1,
          'ip_address' => '127.0.0.1',
          'created_at' => '2021-11-09 21:42:43',
          'updated_at' => '2021-11-09 21:42:43',
        ),
         'changes' => 
        array (
        ),
         'casts' => 
        array (
        ),
         'classCastCache' => 
        array (
        ),
         'dates' => 
        array (
        ),
         'dateFormat' => NULL,
         'appends' => 
        array (
        ),
         'dispatchesEvents' => 
        array (
        ),
         'observables' => 
        array (
        ),
         'relations' => 
        array (
        ),
         'touches' => 
        array (
        ),
         'hidden' => 
        array (
        ),
         'visible' => 
        array (
        ),
         'fillable' => 
        array (
        ),
         'guarded' => 
        array (
          0 => '*',
        ),
      )),
    ),
     'escapeWhenCastingToString' => false,
  )),
)  
[2021-11-10 10:30:04] local.INFO: HomeController : porfoliodetail id = 1  
[2021-11-10 10:30:09] local.INFO: PortfolioController : index  
[2021-11-10 10:30:11] local.INFO: PortfolioTypeController : index  
[2021-11-10 10:30:12] local.INFO: PortfolioMainController : index  
[2021-11-10 10:30:14] local.INFO: PortfolioTypeController : index  
[2021-11-10 10:30:17] local.INFO: PortfolioTypeController : edit id = 1  
[2021-11-10 10:30:17] local.INFO: array (
  'titlePage' => 'เปลี่ยนแปลงข้อมูลกลุ่ม Portfolio',
  'DataTimeThaiFull' => 'ข้อมูล ณ วันที่ 10 พฤศจิกายน 2564 เวลา 10:30:17 น.',
  'PortfolioType' => 
  App\Models\PortfolioType::__set_state(array(
     'table' => 'portfolio_type',
     'incrementing' => true,
     'timestamps' => true,
     'connection' => 'mysql',
     'primaryKey' => 'id',
     'keyType' => 'int',
     'with' => 
    array (
    ),
     'withCount' => 
    array (
    ),
     'preventsLazyLoading' => false,
     'perPage' => 15,
     'exists' => true,
     'wasRecentlyCreated' => false,
     'escapeWhenCastingToString' => false,
     'attributes' => 
    array (
      'id' => 1,
      'tilte_th' => 'Medical Service Building',
      'tilte_en' => 'Medical Service Building',
      'image_icon' => 'assets/frontend/img/portfolio_type/1/port-Medical-Service-Building.png',
      'active_status' => 1,
      'display_status' => 1,
      'sort_number' => 1,
      'created_by' => 1,
      'updated_by' => 1,
      'ip_address' => '127.0.0.1',
      'created_at' => '2021-11-09 16:20:52',
      'updated_at' => '2021-11-09 16:20:52',
    ),
     'original' => 
    array (
      'id' => 1,
      'tilte_th' => 'Medical Service Building',
      'tilte_en' => 'Medical Service Building',
      'image_icon' => 'assets/frontend/img/portfolio_type/1/port-Medical-Service-Building.png',
      'active_status' => 1,
      'display_status' => 1,
      'sort_number' => 1,
      'created_by' => 1,
      'updated_by' => 1,
      'ip_address' => '127.0.0.1',
      'created_at' => '2021-11-09 16:20:52',
      'updated_at' => '2021-11-09 16:20:52',
    ),
     'changes' => 
    array (
    ),
     'casts' => 
    array (
    ),
     'classCastCache' => 
    array (
    ),
     'dates' => 
    array (
    ),
     'dateFormat' => NULL,
     'appends' => 
    array (
    ),
     'dispatchesEvents' => 
    array (
    ),
     'observables' => 
    array (
    ),
     'relations' => 
    array (
    ),
     'touches' => 
    array (
    ),
     'hidden' => 
    array (
    ),
     'visible' => 
    array (
    ),
     'fillable' => 
    array (
    ),
     'guarded' => 
    array (
      0 => '*',
    ),
  )),
)  
[2021-11-10 10:30:23] local.INFO: PortfolioTypeController : update id = 1  
[2021-11-10 10:30:23] local.INFO: array (
  '_token' => 'AwggsQETO15BZh70O52Wfg6rHJvIOxTryj0WGyjK',
  '_method' => 'PATCH',
  'id' => '1',
  'active_status' => '1',
  'display_status' => '1',
  'created_by' => '1',
  'sort_number' => '1',
  'tilte_th' => 'Medical Service Building',
  'tilte_en' => 'Medical Service Building',
  'image_iconOld' => 'assets/frontend/img/portfolio_type/1/port-Medical-Service-Building.png',
  'image_icon' => 
  Illuminate\Http\UploadedFile::__set_state(array(
     'test' => false,
     'originalName' => '1200px-QR_code_for_mobile_English_Wikipedia.svg.png',
     'mimeType' => 'image/png',
     'error' => 0,
     'hashName' => NULL,
  )),
)  
[2021-11-10 10:30:23] local.INFO: PortfolioTypeController : index  
[2021-11-10 10:30:27] local.INFO: HomeController : index  
[2021-11-10 10:30:37] local.INFO: PortfolioTypeController : edit id = 1  
[2021-11-10 10:30:37] local.INFO: array (
  'titlePage' => 'เปลี่ยนแปลงข้อมูลกลุ่ม Portfolio',
  'DataTimeThaiFull' => 'ข้อมูล ณ วันที่ 10 พฤศจิกายน 2564 เวลา 10:30:37 น.',
  'PortfolioType' => 
  App\Models\PortfolioType::__set_state(array(
     'table' => 'portfolio_type',
     'incrementing' => true,
     'timestamps' => true,
     'connection' => 'mysql',
     'primaryKey' => 'id',
     'keyType' => 'int',
     'with' => 
    array (
    ),
     'withCount' => 
    array (
    ),
     'preventsLazyLoading' => false,
     'perPage' => 15,
     'exists' => true,
     'wasRecentlyCreated' => false,
     'escapeWhenCastingToString' => false,
     'attributes' => 
    array (
      'id' => 1,
      'tilte_th' => 'Medical Service Building',
      'tilte_en' => 'Medical Service Building',
      'image_icon' => 'assets/frontend/img/portfolio_type/1/1200px-QR_code_for_mobile_English_Wikipedia.svg.png',
      'active_status' => 1,
      'display_status' => 1,
      'sort_number' => 1,
      'created_by' => 1,
      'updated_by' => 2,
      'ip_address' => '49.228.225.212',
      'created_at' => '2021-11-09 16:20:52',
      'updated_at' => '2021-11-10 10:30:23',
    ),
     'original' => 
    array (
      'id' => 1,
      'tilte_th' => 'Medical Service Building',
      'tilte_en' => 'Medical Service Building',
      'image_icon' => 'assets/frontend/img/portfolio_type/1/1200px-QR_code_for_mobile_English_Wikipedia.svg.png',
      'active_status' => 1,
      'display_status' => 1,
      'sort_number' => 1,
      'created_by' => 1,
      'updated_by' => 2,
      'ip_address' => '49.228.225.212',
      'created_at' => '2021-11-09 16:20:52',
      'updated_at' => '2021-11-10 10:30:23',
    ),
     'changes' => 
    array (
    ),
     'casts' => 
    array (
    ),
     'classCastCache' => 
    array (
    ),
     'dates' => 
    array (
    ),
     'dateFormat' => NULL,
     'appends' => 
    array (
    ),
     'dispatchesEvents' => 
    array (
    ),
     'observables' => 
    array (
    ),
     'relations' => 
    array (
    ),
     'touches' => 
    array (
    ),
     'hidden' => 
    array (
    ),
     'visible' => 
    array (
    ),
     'fillable' => 
    array (
    ),
     'guarded' => 
    array (
      0 => '*',
    ),
  )),
)  
[2021-11-10 10:30:45] local.INFO: PortfolioTypeController : index  
[2021-11-10 10:30:50] local.INFO: PortfolioTypeController : edit id = 1  
[2021-11-10 10:30:50] local.INFO: array (
  'titlePage' => 'เปลี่ยนแปลงข้อมูลกลุ่ม Portfolio',
  'DataTimeThaiFull' => 'ข้อมูล ณ วันที่ 10 พฤศจิกายน 2564 เวลา 10:30:50 น.',
  'PortfolioType' => 
  App\Models\PortfolioType::__set_state(array(
     'table' => 'portfolio_type',
     'incrementing' => true,
     'timestamps' => true,
     'connection' => 'mysql',
     'primaryKey' => 'id',
     'keyType' => 'int',
     'with' => 
    array (
    ),
     'withCount' => 
    array (
    ),
     'preventsLazyLoading' => false,
     'perPage' => 15,
     'exists' => true,
     'wasRecentlyCreated' => false,
     'escapeWhenCastingToString' => false,
     'attributes' => 
    array (
      'id' => 1,
      'tilte_th' => 'Medical Service Building',
      'tilte_en' => 'Medical Service Building',
      'image_icon' => 'assets/frontend/img/portfolio_type/1/1200px-QR_code_for_mobile_English_Wikipedia.svg.png',
      'active_status' => 1,
      'display_status' => 1,
      'sort_number' => 1,
      'created_by' => 1,
      'updated_by' => 2,
      'ip_address' => '49.228.225.212',
      'created_at' => '2021-11-09 16:20:52',
      'updated_at' => '2021-11-10 10:30:23',
    ),
     'original' => 
    array (
      'id' => 1,
      'tilte_th' => 'Medical Service Building',
      'tilte_en' => 'Medical Service Building',
      'image_icon' => 'assets/frontend/img/portfolio_type/1/1200px-QR_code_for_mobile_English_Wikipedia.svg.png',
      'active_status' => 1,
      'display_status' => 1,
      'sort_number' => 1,
      'created_by' => 1,
      'updated_by' => 2,
      'ip_address' => '49.228.225.212',
      'created_at' => '2021-11-09 16:20:52',
      'updated_at' => '2021-11-10 10:30:23',
    ),
     'changes' => 
    array (
    ),
     'casts' => 
    array (
    ),
     'classCastCache' => 
    array (
    ),
     'dates' => 
    array (
    ),
     'dateFormat' => NULL,
     'appends' => 
    array (
    ),
     'dispatchesEvents' => 
    array (
    ),
     'observables' => 
    array (
    ),
     'relations' => 
    array (
    ),
     'touches' => 
    array (
    ),
     'hidden' => 
    array (
    ),
     'visible' => 
    array (
    ),
     'fillable' => 
    array (
    ),
     'guarded' => 
    array (
      0 => '*',
    ),
  )),
)  
[2021-11-10 10:30:57] local.INFO: PortfolioTypeController : create  
[2021-11-10 10:30:57] local.INFO: array (
  'titlePage' => 'สร้างข้อมูลกลุ่ม Portfolio',
  'DataTimeThaiFull' => 'ข้อมูล ณ วันที่ 10 พฤศจิกายน 2564 เวลา 10:30:57 น.',
  'sort_number' => 5,
)  
[2021-11-10 10:31:05] local.INFO: PortfolioTypeController : store  
[2021-11-10 10:31:05] local.INFO: array (
  '_token' => 'AwggsQETO15BZh70O52Wfg6rHJvIOxTryj0WGyjK',
  'sort_number' => '5',
  'tilte_th' => 'test',
  'tilte_en' => 'test',
)  
[2021-11-10 10:31:05] local.INFO: PortfolioTypeController : index  
[2021-11-10 10:31:09] local.INFO: HomeController : index  
[2021-11-10 10:31:19] local.INFO: PortfolioTypeController : edit id = 1  
[2021-11-10 10:31:19] local.INFO: array (
  'titlePage' => 'เปลี่ยนแปลงข้อมูลกลุ่ม Portfolio',
  'DataTimeThaiFull' => 'ข้อมูล ณ วันที่ 10 พฤศจิกายน 2564 เวลา 10:31:19 น.',
  'PortfolioType' => 
  App\Models\PortfolioType::__set_state(array(
     'table' => 'portfolio_type',
     'incrementing' => true,
     'timestamps' => true,
     'connection' => 'mysql',
     'primaryKey' => 'id',
     'keyType' => 'int',
     'with' => 
    array (
    ),
     'withCount' => 
    array (
    ),
     'preventsLazyLoading' => false,
     'perPage' => 15,
     'exists' => true,
     'wasRecentlyCreated' => false,
     'escapeWhenCastingToString' => false,
     'attributes' => 
    array (
      'id' => 1,
      'tilte_th' => 'Medical Service Building',
      'tilte_en' => 'Medical Service Building',
      'image_icon' => 'assets/frontend/img/portfolio_type/1/1200px-QR_code_for_mobile_English_Wikipedia.svg.png',
      'active_status' => 1,
      'display_status' => 1,
      'sort_number' => 1,
      'created_by' => 1,
      'updated_by' => 2,
      'ip_address' => '49.228.225.212',
      'created_at' => '2021-11-09 16:20:52',
      'updated_at' => '2021-11-10 10:30:23',
    ),
     'original' => 
    array (
      'id' => 1,
      'tilte_th' => 'Medical Service Building',
      'tilte_en' => 'Medical Service Building',
      'image_icon' => 'assets/frontend/img/portfolio_type/1/1200px-QR_code_for_mobile_English_Wikipedia.svg.png',
      'active_status' => 1,
      'display_status' => 1,
      'sort_number' => 1,
      'created_by' => 1,
      'updated_by' => 2,
      'ip_address' => '49.228.225.212',
      'created_at' => '2021-11-09 16:20:52',
      'updated_at' => '2021-11-10 10:30:23',
    ),
     'changes' => 
    array (
    ),
     'casts' => 
    array (
    ),
     'classCastCache' => 
    array (
    ),
     'dates' => 
    array (
    ),
     'dateFormat' => NULL,
     'appends' => 
    array (
    ),
     'dispatchesEvents' => 
    array (
    ),
     'observables' => 
    array (
    ),
     'relations' => 
    array (
    ),
     'touches' => 
    array (
    ),
     'hidden' => 
    array (
    ),
     'visible' => 
    array (
    ),
     'fillable' => 
    array (
    ),
     'guarded' => 
    array (
      0 => '*',
    ),
  )),
)  
[2021-11-10 10:31:41] local.INFO: PortfolioTypeController : edit id = 4  
[2021-11-10 10:31:41] local.INFO: array (
  'titlePage' => 'เปลี่ยนแปลงข้อมูลกลุ่ม Portfolio',
  'DataTimeThaiFull' => 'ข้อมูล ณ วันที่ 10 พฤศจิกายน 2564 เวลา 10:31:41 น.',
  'PortfolioType' => 
  App\Models\PortfolioType::__set_state(array(
     'table' => 'portfolio_type',
     'incrementing' => true,
     'timestamps' => true,
     'connection' => 'mysql',
     'primaryKey' => 'id',
     'keyType' => 'int',
     'with' => 
    array (
    ),
     'withCount' => 
    array (
    ),
     'preventsLazyLoading' => false,
     'perPage' => 15,
     'exists' => true,
     'wasRecentlyCreated' => false,
     'escapeWhenCastingToString' => false,
     'attributes' => 
    array (
      'id' => 4,
      'tilte_th' => 'Civil Servant Building',
      'tilte_en' => 'Civil Servant Building',
      'image_icon' => 'assets/frontend/img/portfolio_type/4/port-clvil.png',
      'active_status' => 1,
      'display_status' => 1,
      'sort_number' => 4,
      'created_by' => 1,
      'updated_by' => 1,
      'ip_address' => '127.0.0.1',
      'created_at' => '2021-11-09 16:21:41',
      'updated_at' => '2021-11-09 16:21:41',
    ),
     'original' => 
    array (
      'id' => 4,
      'tilte_th' => 'Civil Servant Building',
      'tilte_en' => 'Civil Servant Building',
      'image_icon' => 'assets/frontend/img/portfolio_type/4/port-clvil.png',
      'active_status' => 1,
      'display_status' => 1,
      'sort_number' => 4,
      'created_by' => 1,
      'updated_by' => 1,
      'ip_address' => '127.0.0.1',
      'created_at' => '2021-11-09 16:21:41',
      'updated_at' => '2021-11-09 16:21:41',
    ),
     'changes' => 
    array (
    ),
     'casts' => 
    array (
    ),
     'classCastCache' => 
    array (
    ),
     'dates' => 
    array (
    ),
     'dateFormat' => NULL,
     'appends' => 
    array (
    ),
     'dispatchesEvents' => 
    array (
    ),
     'observables' => 
    array (
    ),
     'relations' => 
    array (
    ),
     'touches' => 
    array (
    ),
     'hidden' => 
    array (
    ),
     'visible' => 
    array (
    ),
     'fillable' => 
    array (
    ),
     'guarded' => 
    array (
      0 => '*',
    ),
  )),
)  
[2021-11-10 10:31:45] local.INFO: HomeController : porfoliogroup id = 5  
[2021-11-10 10:32:35] local.INFO: PortfolioController : index  
[2021-11-10 10:32:39] local.INFO: PortfolioController : edit id = 2  
[2021-11-10 10:32:39] local.INFO: array (
  'titlePage' => 'เปลี่ยนแปลงข้อมูลผลงาน',
  'DataTimeThaiFull' => 'ข้อมูล ณ วันที่ 10 พฤศจิกายน 2564 เวลา 10:32:39 น.',
  'Portfolio' => 
  App\Models\Portfolio::__set_state(array(
     'table' => 'portfolio',
     'incrementing' => true,
     'timestamps' => true,
     'connection' => 'mysql',
     'primaryKey' => 'id',
     'keyType' => 'int',
     'with' => 
    array (
    ),
     'withCount' => 
    array (
    ),
     'preventsLazyLoading' => false,
     'perPage' => 15,
     'exists' => true,
     'wasRecentlyCreated' => false,
     'escapeWhenCastingToString' => false,
     'attributes' => 
    array (
      'id' => 2,
      'type_portfolio' => '1',
      'tilte_th' => 'ทดสอบ2',
      'tilte_en' => 'ทดสอบ',
      'location_th' => 'ทดสอบ',
      'location_en' => 'ทดสอบ',
      'project_owner_th' => 'ทดสอบ',
      'project_owner_en' => 'ทดสอบ',
      'project_value' => '1000',
      'project_start' => '1000',
      'project_completion' => '1000',
      'project_completion_month' => 'ทดสอบ',
      'project_start_month' => 'ทดสอบ',
      'detail_th' => '<p>ทดสอบ<br></p>',
      'detail_en' => '<p>ทดสอบ<br></p>',
      'image_main' => 'assets/frontend/img/portfolio/2/img-medical.png',
      'active_status' => 1,
      'display_status' => 1,
      'sort_number' => 2,
      'created_by' => 1,
      'updated_by' => 1,
      'ip_address' => '127.0.0.1',
      'created_at' => '2021-11-09 20:10:32',
      'updated_at' => '2021-11-09 20:14:56',
    ),
     'original' => 
    array (
      'id' => 2,
      'type_portfolio' => '1',
      'tilte_th' => 'ทดสอบ2',
      'tilte_en' => 'ทดสอบ',
      'location_th' => 'ทดสอบ',
      'location_en' => 'ทดสอบ',
      'project_owner_th' => 'ทดสอบ',
      'project_owner_en' => 'ทดสอบ',
      'project_value' => '1000',
      'project_start' => '1000',
      'project_completion' => '1000',
      'project_completion_month' => 'ทดสอบ',
      'project_start_month' => 'ทดสอบ',
      'detail_th' => '<p>ทดสอบ<br></p>',
      'detail_en' => '<p>ทดสอบ<br></p>',
      'image_main' => 'assets/frontend/img/portfolio/2/img-medical.png',
      'active_status' => 1,
      'display_status' => 1,
      'sort_number' => 2,
      'created_by' => 1,
      'updated_by' => 1,
      'ip_address' => '127.0.0.1',
      'created_at' => '2021-11-09 20:10:32',
      'updated_at' => '2021-11-09 20:14:56',
    ),
     'changes' => 
    array (
    ),
     'casts' => 
    array (
    ),
     'classCastCache' => 
    array (
    ),
     'dates' => 
    array (
    ),
     'dateFormat' => NULL,
     'appends' => 
    array (
    ),
     'dispatchesEvents' => 
    array (
    ),
     'observables' => 
    array (
    ),
     'relations' => 
    array (
    ),
     'touches' => 
    array (
    ),
     'hidden' => 
    array (
    ),
     'visible' => 
    array (
    ),
     'fillable' => 
    array (
    ),
     'guarded' => 
    array (
      0 => '*',
    ),
  )),
  'Images' => 
  Illuminate\Database\Eloquent\Collection::__set_state(array(
     'items' => 
    array (
      0 => 
      App\Models\PortfolioImage::__set_state(array(
         'table' => 'portfolio_image',
         'incrementing' => true,
         'timestamps' => true,
         'connection' => 'mysql',
         'primaryKey' => 'id',
         'keyType' => 'int',
         'with' => 
        array (
        ),
         'withCount' => 
        array (
        ),
         'preventsLazyLoading' => false,
         'perPage' => 15,
         'exists' => true,
         'wasRecentlyCreated' => false,
         'escapeWhenCastingToString' => false,
         'attributes' => 
        array (
          'id' => 5,
          'portfolio_id' => '2',
          'image' => 'assets/frontend/img/portfolio/2/img-medical.png',
          'active_status' => 1,
          'display_status' => 1,
          'sort_number' => 1,
          'created_by' => 1,
          'updated_by' => 1,
          'ip_address' => '127.0.0.1',
          'created_at' => '2021-11-09 20:10:32',
          'updated_at' => '2021-11-09 20:10:32',
        ),
         'original' => 
        array (
          'id' => 5,
          'portfolio_id' => '2',
          'image' => 'assets/frontend/img/portfolio/2/img-medical.png',
          'active_status' => 1,
          'display_status' => 1,
          'sort_number' => 1,
          'created_by' => 1,
          'updated_by' => 1,
          'ip_address' => '127.0.0.1',
          'created_at' => '2021-11-09 20:10:32',
          'updated_at' => '2021-11-09 20:10:32',
        ),
         'changes' => 
        array (
        ),
         'casts' => 
        array (
        ),
         'classCastCache' => 
        array (
        ),
         'dates' => 
        array (
        ),
         'dateFormat' => NULL,
         'appends' => 
        array (
        ),
         'dispatchesEvents' => 
        array (
        ),
         'observables' => 
        array (
        ),
         'relations' => 
        array (
        ),
         'touches' => 
        array (
        ),
         'hidden' => 
        array (
        ),
         'visible' => 
        array (
        ),
         'fillable' => 
        array (
        ),
         'guarded' => 
        array (
          0 => '*',
        ),
      )),
      1 => 
      App\Models\PortfolioImage::__set_state(array(
         'table' => 'portfolio_image',
         'incrementing' => true,
         'timestamps' => true,
         'connection' => 'mysql',
         'primaryKey' => 'id',
         'keyType' => 'int',
         'with' => 
        array (
        ),
         'withCount' => 
        array (
        ),
         'preventsLazyLoading' => false,
         'perPage' => 15,
         'exists' => true,
         'wasRecentlyCreated' => false,
         'escapeWhenCastingToString' => false,
         'attributes' => 
        array (
          'id' => 6,
          'portfolio_id' => '2',
          'image' => 'assets/frontend/img/portfolio/2/img-CivilServantBuilding.png',
          'active_status' => 1,
          'display_status' => 1,
          'sort_number' => 2,
          'created_by' => 1,
          'updated_by' => 1,
          'ip_address' => '127.0.0.1',
          'created_at' => '2021-11-09 20:10:32',
          'updated_at' => '2021-11-09 20:10:32',
        ),
         'original' => 
        array (
          'id' => 6,
          'portfolio_id' => '2',
          'image' => 'assets/frontend/img/portfolio/2/img-CivilServantBuilding.png',
          'active_status' => 1,
          'display_status' => 1,
          'sort_number' => 2,
          'created_by' => 1,
          'updated_by' => 1,
          'ip_address' => '127.0.0.1',
          'created_at' => '2021-11-09 20:10:32',
          'updated_at' => '2021-11-09 20:10:32',
        ),
         'changes' => 
        array (
        ),
         'casts' => 
        array (
        ),
         'classCastCache' => 
        array (
        ),
         'dates' => 
        array (
        ),
         'dateFormat' => NULL,
         'appends' => 
        array (
        ),
         'dispatchesEvents' => 
        array (
        ),
         'observables' => 
        array (
        ),
         'relations' => 
        array (
        ),
         'touches' => 
        array (
        ),
         'hidden' => 
        array (
        ),
         'visible' => 
        array (
        ),
         'fillable' => 
        array (
        ),
         'guarded' => 
        array (
          0 => '*',
        ),
      )),
      2 => 
      App\Models\PortfolioImage::__set_state(array(
         'table' => 'portfolio_image',
         'incrementing' => true,
         'timestamps' => true,
         'connection' => 'mysql',
         'primaryKey' => 'id',
         'keyType' => 'int',
         'with' => 
        array (
        ),
         'withCount' => 
        array (
        ),
         'preventsLazyLoading' => false,
         'perPage' => 15,
         'exists' => true,
         'wasRecentlyCreated' => false,
         'escapeWhenCastingToString' => false,
         'attributes' => 
        array (
          'id' => 7,
          'portfolio_id' => '2',
          'image' => 'assets/frontend/img/portfolio/2/img-detail-project.png',
          'active_status' => 1,
          'display_status' => 1,
          'sort_number' => 3,
          'created_by' => 1,
          'updated_by' => 1,
          'ip_address' => '127.0.0.1',
          'created_at' => '2021-11-09 20:10:32',
          'updated_at' => '2021-11-09 20:10:32',
        ),
         'original' => 
        array (
          'id' => 7,
          'portfolio_id' => '2',
          'image' => 'assets/frontend/img/portfolio/2/img-detail-project.png',
          'active_status' => 1,
          'display_status' => 1,
          'sort_number' => 3,
          'created_by' => 1,
          'updated_by' => 1,
          'ip_address' => '127.0.0.1',
          'created_at' => '2021-11-09 20:10:32',
          'updated_at' => '2021-11-09 20:10:32',
        ),
         'changes' => 
        array (
        ),
         'casts' => 
        array (
        ),
         'classCastCache' => 
        array (
        ),
         'dates' => 
        array (
        ),
         'dateFormat' => NULL,
         'appends' => 
        array (
        ),
         'dispatchesEvents' => 
        array (
        ),
         'observables' => 
        array (
        ),
         'relations' => 
        array (
        ),
         'touches' => 
        array (
        ),
         'hidden' => 
        array (
        ),
         'visible' => 
        array (
        ),
         'fillable' => 
        array (
        ),
         'guarded' => 
        array (
          0 => '*',
        ),
      )),
    ),
     'escapeWhenCastingToString' => false,
  )),
)  
[2021-11-10 10:32:41] local.INFO: PortfolioController : index  
[2021-11-10 10:32:44] local.INFO: PortfolioController : edit id = 1  
[2021-11-10 10:32:44] local.INFO: array (
  'titlePage' => 'เปลี่ยนแปลงข้อมูลผลงาน',
  'DataTimeThaiFull' => 'ข้อมูล ณ วันที่ 10 พฤศจิกายน 2564 เวลา 10:32:44 น.',
  'Portfolio' => 
  App\Models\Portfolio::__set_state(array(
     'table' => 'portfolio',
     'incrementing' => true,
     'timestamps' => true,
     'connection' => 'mysql',
     'primaryKey' => 'id',
     'keyType' => 'int',
     'with' => 
    array (
    ),
     'withCount' => 
    array (
    ),
     'preventsLazyLoading' => false,
     'perPage' => 15,
     'exists' => true,
     'wasRecentlyCreated' => false,
     'escapeWhenCastingToString' => false,
     'attributes' => 
    array (
      'id' => 1,
      'type_portfolio' => '1',
      'tilte_th' => 'ทดสอบ',
      'tilte_en' => 'ทดสอบ',
      'location_th' => 'ทดสอบ',
      'location_en' => 'ทดสอบ',
      'project_owner_th' => 'ทดสอบ',
      'project_owner_en' => 'ทดสอบ',
      'project_value' => '1000',
      'project_start' => '1000',
      'project_completion' => '1000',
      'project_completion_month' => NULL,
      'project_start_month' => NULL,
      'detail_th' => '<p>ทดสอบ<br></p>',
      'detail_en' => '<p>ทดสอบ<br></p>',
      'image_main' => 'assets/frontend/img/portfolio/1/bg-portfolio.jpg',
      'active_status' => 1,
      'display_status' => 1,
      'sort_number' => 1,
      'created_by' => 1,
      'updated_by' => 1,
      'ip_address' => '127.0.0.1',
      'created_at' => '2021-11-09 17:42:52',
      'updated_at' => '2021-11-09 18:34:29',
    ),
     'original' => 
    array (
      'id' => 1,
      'type_portfolio' => '1',
      'tilte_th' => 'ทดสอบ',
      'tilte_en' => 'ทดสอบ',
      'location_th' => 'ทดสอบ',
      'location_en' => 'ทดสอบ',
      'project_owner_th' => 'ทดสอบ',
      'project_owner_en' => 'ทดสอบ',
      'project_value' => '1000',
      'project_start' => '1000',
      'project_completion' => '1000',
      'project_completion_month' => NULL,
      'project_start_month' => NULL,
      'detail_th' => '<p>ทดสอบ<br></p>',
      'detail_en' => '<p>ทดสอบ<br></p>',
      'image_main' => 'assets/frontend/img/portfolio/1/bg-portfolio.jpg',
      'active_status' => 1,
      'display_status' => 1,
      'sort_number' => 1,
      'created_by' => 1,
      'updated_by' => 1,
      'ip_address' => '127.0.0.1',
      'created_at' => '2021-11-09 17:42:52',
      'updated_at' => '2021-11-09 18:34:29',
    ),
     'changes' => 
    array (
    ),
     'casts' => 
    array (
    ),
     'classCastCache' => 
    array (
    ),
     'dates' => 
    array (
    ),
     'dateFormat' => NULL,
     'appends' => 
    array (
    ),
     'dispatchesEvents' => 
    array (
    ),
     'observables' => 
    array (
    ),
     'relations' => 
    array (
    ),
     'touches' => 
    array (
    ),
     'hidden' => 
    array (
    ),
     'visible' => 
    array (
    ),
     'fillable' => 
    array (
    ),
     'guarded' => 
    array (
      0 => '*',
    ),
  )),
  'Images' => 
  Illuminate\Database\Eloquent\Collection::__set_state(array(
     'items' => 
    array (
      0 => 
      App\Models\PortfolioImage::__set_state(array(
         'table' => 'portfolio_image',
         'incrementing' => true,
         'timestamps' => true,
         'connection' => 'mysql',
         'primaryKey' => 'id',
         'keyType' => 'int',
         'with' => 
        array (
        ),
         'withCount' => 
        array (
        ),
         'preventsLazyLoading' => false,
         'perPage' => 15,
         'exists' => true,
         'wasRecentlyCreated' => false,
         'escapeWhenCastingToString' => false,
         'attributes' => 
        array (
          'id' => 1,
          'portfolio_id' => '1',
          'image' => 'assets/frontend/img/portfolio/1/bg-portfolio.jpg',
          'active_status' => 1,
          'display_status' => 1,
          'sort_number' => 1,
          'created_by' => 1,
          'updated_by' => 1,
          'ip_address' => '127.0.0.1',
          'created_at' => '2021-11-09 17:42:52',
          'updated_at' => '2021-11-09 18:34:29',
        ),
         'original' => 
        array (
          'id' => 1,
          'portfolio_id' => '1',
          'image' => 'assets/frontend/img/portfolio/1/bg-portfolio.jpg',
          'active_status' => 1,
          'display_status' => 1,
          'sort_number' => 1,
          'created_by' => 1,
          'updated_by' => 1,
          'ip_address' => '127.0.0.1',
          'created_at' => '2021-11-09 17:42:52',
          'updated_at' => '2021-11-09 18:34:29',
        ),
         'changes' => 
        array (
        ),
         'casts' => 
        array (
        ),
         'classCastCache' => 
        array (
        ),
         'dates' => 
        array (
        ),
         'dateFormat' => NULL,
         'appends' => 
        array (
        ),
         'dispatchesEvents' => 
        array (
        ),
         'observables' => 
        array (
        ),
         'relations' => 
        array (
        ),
         'touches' => 
        array (
        ),
         'hidden' => 
        array (
        ),
         'visible' => 
        array (
        ),
         'fillable' => 
        array (
        ),
         'guarded' => 
        array (
          0 => '*',
        ),
      )),
      1 => 
      App\Models\PortfolioImage::__set_state(array(
         'table' => 'portfolio_image',
         'incrementing' => true,
         'timestamps' => true,
         'connection' => 'mysql',
         'primaryKey' => 'id',
         'keyType' => 'int',
         'with' => 
        array (
        ),
         'withCount' => 
        array (
        ),
         'preventsLazyLoading' => false,
         'perPage' => 15,
         'exists' => true,
         'wasRecentlyCreated' => false,
         'escapeWhenCastingToString' => false,
         'attributes' => 
        array (
          'id' => 4,
          'portfolio_id' => '1',
          'image' => 'assets/frontend/img/portfolio/1/img-detail-project.png',
          'active_status' => 1,
          'display_status' => 1,
          'sort_number' => 1,
          'created_by' => 1,
          'updated_by' => 1,
          'ip_address' => '127.0.0.1',
          'created_at' => '2021-11-09 18:36:08',
          'updated_at' => '2021-11-09 18:36:08',
        ),
         'original' => 
        array (
          'id' => 4,
          'portfolio_id' => '1',
          'image' => 'assets/frontend/img/portfolio/1/img-detail-project.png',
          'active_status' => 1,
          'display_status' => 1,
          'sort_number' => 1,
          'created_by' => 1,
          'updated_by' => 1,
          'ip_address' => '127.0.0.1',
          'created_at' => '2021-11-09 18:36:08',
          'updated_at' => '2021-11-09 18:36:08',
        ),
         'changes' => 
        array (
        ),
         'casts' => 
        array (
        ),
         'classCastCache' => 
        array (
        ),
         'dates' => 
        array (
        ),
         'dateFormat' => NULL,
         'appends' => 
        array (
        ),
         'dispatchesEvents' => 
        array (
        ),
         'observables' => 
        array (
        ),
         'relations' => 
        array (
        ),
         'touches' => 
        array (
        ),
         'hidden' => 
        array (
        ),
         'visible' => 
        array (
        ),
         'fillable' => 
        array (
        ),
         'guarded' => 
        array (
          0 => '*',
        ),
      )),
      2 => 
      App\Models\PortfolioImage::__set_state(array(
         'table' => 'portfolio_image',
         'incrementing' => true,
         'timestamps' => true,
         'connection' => 'mysql',
         'primaryKey' => 'id',
         'keyType' => 'int',
         'with' => 
        array (
        ),
         'withCount' => 
        array (
        ),
         'preventsLazyLoading' => false,
         'perPage' => 15,
         'exists' => true,
         'wasRecentlyCreated' => false,
         'escapeWhenCastingToString' => false,
         'attributes' => 
        array (
          'id' => 2,
          'portfolio_id' => '1',
          'image' => 'assets/frontend/img/portfolio/1/img-detail-project.png',
          'active_status' => 1,
          'display_status' => 1,
          'sort_number' => 2,
          'created_by' => 1,
          'updated_by' => 1,
          'ip_address' => '127.0.0.1',
          'created_at' => '2021-11-09 17:42:52',
          'updated_at' => '2021-11-09 17:42:52',
        ),
         'original' => 
        array (
          'id' => 2,
          'portfolio_id' => '1',
          'image' => 'assets/frontend/img/portfolio/1/img-detail-project.png',
          'active_status' => 1,
          'display_status' => 1,
          'sort_number' => 2,
          'created_by' => 1,
          'updated_by' => 1,
          'ip_address' => '127.0.0.1',
          'created_at' => '2021-11-09 17:42:52',
          'updated_at' => '2021-11-09 17:42:52',
        ),
         'changes' => 
        array (
        ),
         'casts' => 
        array (
        ),
         'classCastCache' => 
        array (
        ),
         'dates' => 
        array (
        ),
         'dateFormat' => NULL,
         'appends' => 
        array (
        ),
         'dispatchesEvents' => 
        array (
        ),
         'observables' => 
        array (
        ),
         'relations' => 
        array (
        ),
         'touches' => 
        array (
        ),
         'hidden' => 
        array (
        ),
         'visible' => 
        array (
        ),
         'fillable' => 
        array (
        ),
         'guarded' => 
        array (
          0 => '*',
        ),
      )),
    ),
     'escapeWhenCastingToString' => false,
  )),
)  
[2021-11-10 10:32:46] local.INFO: PortfolioController : index  
[2021-11-10 10:32:47] local.INFO: PortfolioTypeController : index  
[2021-11-10 10:33:03] local.INFO: PortfolioTypeController : edit id = 1  
[2021-11-10 10:33:03] local.INFO: array (
  'titlePage' => 'เปลี่ยนแปลงข้อมูลกลุ่ม Portfolio',
  'DataTimeThaiFull' => 'ข้อมูล ณ วันที่ 10 พฤศจิกายน 2564 เวลา 10:33:03 น.',
  'PortfolioType' => 
  App\Models\PortfolioType::__set_state(array(
     'table' => 'portfolio_type',
     'incrementing' => true,
     'timestamps' => true,
     'connection' => 'mysql',
     'primaryKey' => 'id',
     'keyType' => 'int',
     'with' => 
    array (
    ),
     'withCount' => 
    array (
    ),
     'preventsLazyLoading' => false,
     'perPage' => 15,
     'exists' => true,
     'wasRecentlyCreated' => false,
     'escapeWhenCastingToString' => false,
     'attributes' => 
    array (
      'id' => 1,
      'tilte_th' => 'Medical Service Building',
      'tilte_en' => 'Medical Service Building',
      'image_icon' => 'assets/frontend/img/portfolio_type/1/1200px-QR_code_for_mobile_English_Wikipedia.svg.png',
      'active_status' => 1,
      'display_status' => 1,
      'sort_number' => 1,
      'created_by' => 1,
      'updated_by' => 2,
      'ip_address' => '49.228.225.212',
      'created_at' => '2021-11-09 16:20:52',
      'updated_at' => '2021-11-10 10:30:23',
    ),
     'original' => 
    array (
      'id' => 1,
      'tilte_th' => 'Medical Service Building',
      'tilte_en' => 'Medical Service Building',
      'image_icon' => 'assets/frontend/img/portfolio_type/1/1200px-QR_code_for_mobile_English_Wikipedia.svg.png',
      'active_status' => 1,
      'display_status' => 1,
      'sort_number' => 1,
      'created_by' => 1,
      'updated_by' => 2,
      'ip_address' => '49.228.225.212',
      'created_at' => '2021-11-09 16:20:52',
      'updated_at' => '2021-11-10 10:30:23',
    ),
     'changes' => 
    array (
    ),
     'casts' => 
    array (
    ),
     'classCastCache' => 
    array (
    ),
     'dates' => 
    array (
    ),
     'dateFormat' => NULL,
     'appends' => 
    array (
    ),
     'dispatchesEvents' => 
    array (
    ),
     'observables' => 
    array (
    ),
     'relations' => 
    array (
    ),
     'touches' => 
    array (
    ),
     'hidden' => 
    array (
    ),
     'visible' => 
    array (
    ),
     'fillable' => 
    array (
    ),
     'guarded' => 
    array (
      0 => '*',
    ),
  )),
)  
[2021-11-10 10:33:07] local.INFO: PortfolioTypeController : updateDelete  
[2021-11-10 10:33:07] local.INFO: array (
  'id' => '5',
  '_token' => 'AwggsQETO15BZh70O52Wfg6rHJvIOxTryj0WGyjK',
)  
[2021-11-10 10:33:08] local.INFO: PortfolioTypeController : index  
[2021-11-10 10:33:11] local.INFO: HomeController : index  
[2021-11-10 10:33:15] local.INFO: PortfolioTypeController : create  
[2021-11-10 10:33:15] local.INFO: array (
  'titlePage' => 'สร้างข้อมูลกลุ่ม Portfolio',
  'DataTimeThaiFull' => 'ข้อมูล ณ วันที่ 10 พฤศจิกายน 2564 เวลา 10:33:15 น.',
  'sort_number' => 5,
)  
[2021-11-10 10:33:19] local.INFO: PortfolioTypeController : store  
[2021-11-10 10:33:19] local.INFO: array (
  '_token' => 'AwggsQETO15BZh70O52Wfg6rHJvIOxTryj0WGyjK',
  'sort_number' => '5',
  'tilte_th' => 'test',
  'tilte_en' => NULL,
)  
[2021-11-10 10:33:20] local.INFO: PortfolioTypeController : index  
[2021-11-10 10:33:24] local.INFO: HomeController : index  
[2021-11-10 10:34:45] local.INFO: PortfolioController : index  
[2021-11-10 10:34:46] local.INFO: PortfolioMainController : index  
[2021-11-10 10:34:49] local.INFO: PortfolioMainController : edit id = 3  
[2021-11-10 10:34:49] local.INFO: array (
  'titlePage' => 'เปลี่ยนแปลงข้อมูลรายละเอียด Portfolio หน้า Home',
  'DataTimeThaiFull' => 'ข้อมูล ณ วันที่ 10 พฤศจิกายน 2564 เวลา 10:34:49 น.',
  'PortfolioMain' => 
  App\Models\PortfolioMain::__set_state(array(
     'table' => 'portfolio_main',
     'incrementing' => true,
     'timestamps' => true,
     'connection' => 'mysql',
     'primaryKey' => 'id',
     'keyType' => 'int',
     'with' => 
    array (
    ),
     'withCount' => 
    array (
    ),
     'preventsLazyLoading' => false,
     'perPage' => 15,
     'exists' => true,
     'wasRecentlyCreated' => false,
     'escapeWhenCastingToString' => false,
     'attributes' => 
    array (
      'id' => 3,
      'detail_th' => '<p>
                Lorem ipsum dolor sit amet, consectetur adipiscing elit. Quisque aliquam, est ac imperdiet mattis, dui dui aliquet sapien, non facilisis metus nisi sit amet eros. <br> Praesent non lorem id tortor accumsan tincidunt. Etiam ornare,
                felis nec egestas consequat, velit orci iaculis nunc, vitae venenatis ipsum tortor.
            </p>',
      'detail_en' => '<p>
                Lorem ipsum dolor sit amet, consectetur adipiscing elit. Quisque aliquam, est ac imperdiet mattis, dui dui aliquet sapien, non facilisis metus nisi sit amet eros. <br> Praesent non lorem id tortor accumsan tincidunt. Etiam ornare,
                felis nec egestas consequat, velit orci iaculis nunc, vitae venenatis ipsum tortor.
            </p>',
      'active_status' => 1,
      'display_status' => 1,
      'sort_number' => 1,
      'created_by' => 1,
      'updated_by' => 1,
      'ip_address' => '127.0.0.1',
      'created_at' => '2021-11-09 16:05:19',
      'updated_at' => '2021-11-09 16:05:19',
    ),
     'original' => 
    array (
      'id' => 3,
      'detail_th' => '<p>
                Lorem ipsum dolor sit amet, consectetur adipiscing elit. Quisque aliquam, est ac imperdiet mattis, dui dui aliquet sapien, non facilisis metus nisi sit amet eros. <br> Praesent non lorem id tortor accumsan tincidunt. Etiam ornare,
                felis nec egestas consequat, velit orci iaculis nunc, vitae venenatis ipsum tortor.
            </p>',
      'detail_en' => '<p>
                Lorem ipsum dolor sit amet, consectetur adipiscing elit. Quisque aliquam, est ac imperdiet mattis, dui dui aliquet sapien, non facilisis metus nisi sit amet eros. <br> Praesent non lorem id tortor accumsan tincidunt. Etiam ornare,
                felis nec egestas consequat, velit orci iaculis nunc, vitae venenatis ipsum tortor.
            </p>',
      'active_status' => 1,
      'display_status' => 1,
      'sort_number' => 1,
      'created_by' => 1,
      'updated_by' => 1,
      'ip_address' => '127.0.0.1',
      'created_at' => '2021-11-09 16:05:19',
      'updated_at' => '2021-11-09 16:05:19',
    ),
     'changes' => 
    array (
    ),
     'casts' => 
    array (
    ),
     'classCastCache' => 
    array (
    ),
     'dates' => 
    array (
    ),
     'dateFormat' => NULL,
     'appends' => 
    array (
    ),
     'dispatchesEvents' => 
    array (
    ),
     'observables' => 
    array (
    ),
     'relations' => 
    array (
    ),
     'touches' => 
    array (
    ),
     'hidden' => 
    array (
    ),
     'visible' => 
    array (
    ),
     'fillable' => 
    array (
    ),
     'guarded' => 
    array (
      0 => '*',
    ),
  )),
)  
[2021-11-10 10:34:51] local.INFO: PortfolioTypeController : index  
[2021-11-10 10:34:54] local.INFO: PortfolioController : index  
[2021-11-10 10:34:55] local.INFO: PortfolioTypeController : index  
[2021-11-10 10:35:07] local.INFO: PortfolioTypeController : edit id = 6  
[2021-11-10 10:35:07] local.INFO: array (
  'titlePage' => 'เปลี่ยนแปลงข้อมูลกลุ่ม Portfolio',
  'DataTimeThaiFull' => 'ข้อมูล ณ วันที่ 10 พฤศจิกายน 2564 เวลา 10:35:07 น.',
  'PortfolioType' => 
  App\Models\PortfolioType::__set_state(array(
     'table' => 'portfolio_type',
     'incrementing' => true,
     'timestamps' => true,
     'connection' => 'mysql',
     'primaryKey' => 'id',
     'keyType' => 'int',
     'with' => 
    array (
    ),
     'withCount' => 
    array (
    ),
     'preventsLazyLoading' => false,
     'perPage' => 15,
     'exists' => true,
     'wasRecentlyCreated' => false,
     'escapeWhenCastingToString' => false,
     'attributes' => 
    array (
      'id' => 6,
      'tilte_th' => 'test',
      'tilte_en' => NULL,
      'image_icon' => 'assets/backend/images/error/nopic.jpg',
      'active_status' => 1,
      'display_status' => 1,
      'sort_number' => 5,
      'created_by' => 2,
      'updated_by' => 2,
      'ip_address' => '49.228.225.212',
      'created_at' => '2021-11-10 10:33:19',
      'updated_at' => '2021-11-10 10:33:19',
    ),
     'original' => 
    array (
      'id' => 6,
      'tilte_th' => 'test',
      'tilte_en' => NULL,
      'image_icon' => 'assets/backend/images/error/nopic.jpg',
      'active_status' => 1,
      'display_status' => 1,
      'sort_number' => 5,
      'created_by' => 2,
      'updated_by' => 2,
      'ip_address' => '49.228.225.212',
      'created_at' => '2021-11-10 10:33:19',
      'updated_at' => '2021-11-10 10:33:19',
    ),
     'changes' => 
    array (
    ),
     'casts' => 
    array (
    ),
     'classCastCache' => 
    array (
    ),
     'dates' => 
    array (
    ),
     'dateFormat' => NULL,
     'appends' => 
    array (
    ),
     'dispatchesEvents' => 
    array (
    ),
     'observables' => 
    array (
    ),
     'relations' => 
    array (
    ),
     'touches' => 
    array (
    ),
     'hidden' => 
    array (
    ),
     'visible' => 
    array (
    ),
     'fillable' => 
    array (
    ),
     'guarded' => 
    array (
      0 => '*',
    ),
  )),
)  
[2021-11-10 10:35:11] local.INFO: PortfolioTypeController : updateDelete  
[2021-11-10 10:35:11] local.INFO: array (
  'id' => '6',
  '_token' => 'AwggsQETO15BZh70O52Wfg6rHJvIOxTryj0WGyjK',
)  
[2021-11-10 10:35:12] local.INFO: PortfolioTypeController : index  
[2021-11-10 10:35:14] local.INFO: PortfolioTypeController : create  
[2021-11-10 10:35:14] local.INFO: array (
  'titlePage' => 'สร้างข้อมูลกลุ่ม Portfolio',
  'DataTimeThaiFull' => 'ข้อมูล ณ วันที่ 10 พฤศจิกายน 2564 เวลา 10:35:14 น.',
  'sort_number' => 5,
)  
[2021-11-10 10:35:17] local.INFO: PortfolioTypeController : store  
[2021-11-10 10:35:17] local.INFO: array (
  '_token' => 'AwggsQETO15BZh70O52Wfg6rHJvIOxTryj0WGyjK',
  'sort_number' => '5',
  'tilte_th' => 'test',
  'tilte_en' => NULL,
)  
[2021-11-10 10:35:18] local.INFO: PortfolioTypeController : index  
[2021-11-10 10:35:58] local.INFO: PortfolioTypeController : create  
[2021-11-10 10:35:58] local.INFO: array (
  'titlePage' => 'สร้างข้อมูลกลุ่ม Portfolio',
  'DataTimeThaiFull' => 'ข้อมูล ณ วันที่ 10 พฤศจิกายน 2564 เวลา 10:35:58 น.',
  'sort_number' => 6,
)  
[2021-11-10 10:50:35] local.INFO: PortfolioTypeController : index  
[2021-11-10 10:50:39] local.INFO: HomeController : index  
[2021-11-10 15:20:57] local.INFO: HomeController : index  
[2021-11-10 15:24:27] local.INFO: HomeController : index  
[2021-11-10 15:24:34] local.INFO: HomeController : career  
[2021-11-10 16:27:45] local.INFO: HomeController : index  
[2021-11-10 17:10:29] local.INFO: HomeController : index  
[2021-11-10 17:10:35] local.INFO: HomeController : career  
[2021-11-10 17:12:12] local.INFO: HomeController : career  
[2021-11-10 17:12:50] local.INFO: HomeController : career  
[2021-11-10 17:13:03] local.ERROR: Trying to get property 'id' of non-object {"exception":"[object] (ErrorException(code: 0): Trying to get property 'id' of non-object at /www/wwwroot/worawisith.sv3.gramick.dev/laravel/app/Http/Controllers/frontend/HomeController.php:181)
[stacktrace]
#0 /www/wwwroot/worawisith.sv3.gramick.dev/laravel/app/Http/Controllers/frontend/HomeController.php(181): Illuminate\\Foundation\\Bootstrap\\HandleExceptions->handleError()
#1 /www/wwwroot/worawisith.sv3.gramick.dev/laravel/vendor/laravel/framework/src/Illuminate/Routing/Controller.php(54): App\\Http\\Controllers\\frontend\\HomeController->careerregister()
#2 /www/wwwroot/worawisith.sv3.gramick.dev/laravel/vendor/laravel/framework/src/Illuminate/Routing/ControllerDispatcher.php(45): Illuminate\\Routing\\Controller->callAction()
#3 /www/wwwroot/worawisith.sv3.gramick.dev/laravel/vendor/laravel/framework/src/Illuminate/Routing/Route.php(262): Illuminate\\Routing\\ControllerDispatcher->dispatch()
#4 /www/wwwroot/worawisith.sv3.gramick.dev/laravel/vendor/laravel/framework/src/Illuminate/Routing/Route.php(205): Illuminate\\Routing\\Route->runController()
#5 /www/wwwroot/worawisith.sv3.gramick.dev/laravel/vendor/laravel/framework/src/Illuminate/Routing/Router.php(695): Illuminate\\Routing\\Route->run()
#6 /www/wwwroot/worawisith.sv3.gramick.dev/laravel/vendor/laravel/framework/src/Illuminate/Pipeline/Pipeline.php(128): Illuminate\\Routing\\Router->Illuminate\\Routing\\{closure}()
#7 /www/wwwroot/worawisith.sv3.gramick.dev/laravel/app/Http/Middleware/Language.php(21): Illuminate\\Pipeline\\Pipeline->Illuminate\\Pipeline\\{closure}()
#8 /www/wwwroot/worawisith.sv3.gramick.dev/laravel/vendor/laravel/framework/src/Illuminate/Pipeline/Pipeline.php(167): App\\Http\\Middleware\\Language->handle()
#9 /www/wwwroot/worawisith.sv3.gramick.dev/laravel/vendor/laravel/framework/src/Illuminate/Routing/Middleware/SubstituteBindings.php(50): Illuminate\\Pipeline\\Pipeline->Illuminate\\Pipeline\\{closure}()
#10 /www/wwwroot/worawisith.sv3.gramick.dev/laravel/vendor/laravel/framework/src/Illuminate/Pipeline/Pipeline.php(167): Illuminate\\Routing\\Middleware\\SubstituteBindings->handle()
#11 /www/wwwroot/worawisith.sv3.gramick.dev/laravel/vendor/laravel/framework/src/Illuminate/Foundation/Http/Middleware/VerifyCsrfToken.php(78): Illuminate\\Pipeline\\Pipeline->Illuminate\\Pipeline\\{closure}()
#12 /www/wwwroot/worawisith.sv3.gramick.dev/laravel/vendor/laravel/framework/src/Illuminate/Pipeline/Pipeline.php(167): Illuminate\\Foundation\\Http\\Middleware\\VerifyCsrfToken->handle()
#13 /www/wwwroot/worawisith.sv3.gramick.dev/laravel/vendor/laravel/framework/src/Illuminate/View/Middleware/ShareErrorsFromSession.php(49): Illuminate\\Pipeline\\Pipeline->Illuminate\\Pipeline\\{closure}()
#14 /www/wwwroot/worawisith.sv3.gramick.dev/laravel/vendor/laravel/framework/src/Illuminate/Pipeline/Pipeline.php(167): Illuminate\\View\\Middleware\\ShareErrorsFromSession->handle()
#15 /www/wwwroot/worawisith.sv3.gramick.dev/laravel/vendor/laravel/framework/src/Illuminate/Session/Middleware/StartSession.php(121): Illuminate\\Pipeline\\Pipeline->Illuminate\\Pipeline\\{closure}()
#16 /www/wwwroot/worawisith.sv3.gramick.dev/laravel/vendor/laravel/framework/src/Illuminate/Session/Middleware/StartSession.php(64): Illuminate\\Session\\Middleware\\StartSession->handleStatefulRequest()
#17 /www/wwwroot/worawisith.sv3.gramick.dev/laravel/vendor/laravel/framework/src/Illuminate/Pipeline/Pipeline.php(167): Illuminate\\Session\\Middleware\\StartSession->handle()
#18 /www/wwwroot/worawisith.sv3.gramick.dev/laravel/vendor/laravel/framework/src/Illuminate/Cookie/Middleware/AddQueuedCookiesToResponse.php(37): Illuminate\\Pipeline\\Pipeline->Illuminate\\Pipeline\\{closure}()
#19 /www/wwwroot/worawisith.sv3.gramick.dev/laravel/vendor/laravel/framework/src/Illuminate/Pipeline/Pipeline.php(167): Illuminate\\Cookie\\Middleware\\AddQueuedCookiesToResponse->handle()
#20 /www/wwwroot/worawisith.sv3.gramick.dev/laravel/vendor/laravel/framework/src/Illuminate/Cookie/Middleware/EncryptCookies.php(67): Illuminate\\Pipeline\\Pipeline->Illuminate\\Pipeline\\{closure}()
#21 /www/wwwroot/worawisith.sv3.gramick.dev/laravel/vendor/laravel/framework/src/Illuminate/Pipeline/Pipeline.php(167): Illuminate\\Cookie\\Middleware\\EncryptCookies->handle()
#22 /www/wwwroot/worawisith.sv3.gramick.dev/laravel/vendor/laravel/framework/src/Illuminate/Pipeline/Pipeline.php(103): Illuminate\\Pipeline\\Pipeline->Illuminate\\Pipeline\\{closure}()
#23 /www/wwwroot/worawisith.sv3.gramick.dev/laravel/vendor/laravel/framework/src/Illuminate/Routing/Router.php(697): Illuminate\\Pipeline\\Pipeline->then()
#24 /www/wwwroot/worawisith.sv3.gramick.dev/laravel/vendor/laravel/framework/src/Illuminate/Routing/Router.php(672): Illuminate\\Routing\\Router->runRouteWithinStack()
#25 /www/wwwroot/worawisith.sv3.gramick.dev/laravel/vendor/laravel/framework/src/Illuminate/Routing/Router.php(636): Illuminate\\Routing\\Router->runRoute()
#26 /www/wwwroot/worawisith.sv3.gramick.dev/laravel/vendor/laravel/framework/src/Illuminate/Routing/Router.php(625): Illuminate\\Routing\\Router->dispatchToRoute()
#27 /www/wwwroot/worawisith.sv3.gramick.dev/laravel/vendor/laravel/framework/src/Illuminate/Foundation/Http/Kernel.php(167): Illuminate\\Routing\\Router->dispatch()
#28 /www/wwwroot/worawisith.sv3.gramick.dev/laravel/vendor/laravel/framework/src/Illuminate/Pipeline/Pipeline.php(128): Illuminate\\Foundation\\Http\\Kernel->Illuminate\\Foundation\\Http\\{closure}()
#29 /www/wwwroot/worawisith.sv3.gramick.dev/laravel/vendor/barryvdh/laravel-debugbar/src/Middleware/InjectDebugbar.php(67): Illuminate\\Pipeline\\Pipeline->Illuminate\\Pipeline\\{closure}()
#30 /www/wwwroot/worawisith.sv3.gramick.dev/laravel/vendor/laravel/framework/src/Illuminate/Pipeline/Pipeline.php(167): Barryvdh\\Debugbar\\Middleware\\InjectDebugbar->handle()
#31 /www/wwwroot/worawisith.sv3.gramick.dev/laravel/app/Http/Middleware/Language.php(21): Illuminate\\Pipeline\\Pipeline->Illuminate\\Pipeline\\{closure}()
#32 /www/wwwroot/worawisith.sv3.gramick.dev/laravel/vendor/laravel/framework/src/Illuminate/Pipeline/Pipeline.php(167): App\\Http\\Middleware\\Language->handle()
#33 /www/wwwroot/worawisith.sv3.gramick.dev/laravel/vendor/laravel/framework/src/Illuminate/Foundation/Http/Middleware/TransformsRequest.php(21): Illuminate\\Pipeline\\Pipeline->Illuminate\\Pipeline\\{closure}()
#34 /www/wwwroot/worawisith.sv3.gramick.dev/laravel/vendor/laravel/framework/src/Illuminate/Foundation/Http/Middleware/ConvertEmptyStringsToNull.php(31): Illuminate\\Foundation\\Http\\Middleware\\TransformsRequest->handle()
#35 /www/wwwroot/worawisith.sv3.gramick.dev/laravel/vendor/laravel/framework/src/Illuminate/Pipeline/Pipeline.php(167): Illuminate\\Foundation\\Http\\Middleware\\ConvertEmptyStringsToNull->handle()
#36 /www/wwwroot/worawisith.sv3.gramick.dev/laravel/vendor/laravel/framework/src/Illuminate/Foundation/Http/Middleware/TransformsRequest.php(21): Illuminate\\Pipeline\\Pipeline->Illuminate\\Pipeline\\{closure}()
#37 /www/wwwroot/worawisith.sv3.gramick.dev/laravel/vendor/laravel/framework/src/Illuminate/Foundation/Http/Middleware/TrimStrings.php(40): Illuminate\\Foundation\\Http\\Middleware\\TransformsRequest->handle()
#38 /www/wwwroot/worawisith.sv3.gramick.dev/laravel/vendor/laravel/framework/src/Illuminate/Pipeline/Pipeline.php(167): Illuminate\\Foundation\\Http\\Middleware\\TrimStrings->handle()
#39 /www/wwwroot/worawisith.sv3.gramick.dev/laravel/vendor/laravel/framework/src/Illuminate/Foundation/Http/Middleware/ValidatePostSize.php(27): Illuminate\\Pipeline\\Pipeline->Illuminate\\Pipeline\\{closure}()
#40 /www/wwwroot/worawisith.sv3.gramick.dev/laravel/vendor/laravel/framework/src/Illuminate/Pipeline/Pipeline.php(167): Illuminate\\Foundation\\Http\\Middleware\\ValidatePostSize->handle()
#41 /www/wwwroot/worawisith.sv3.gramick.dev/laravel/vendor/laravel/framework/src/Illuminate/Foundation/Http/Middleware/PreventRequestsDuringMaintenance.php(86): Illuminate\\Pipeline\\Pipeline->Illuminate\\Pipeline\\{closure}()
#42 /www/wwwroot/worawisith.sv3.gramick.dev/laravel/vendor/laravel/framework/src/Illuminate/Pipeline/Pipeline.php(167): Illuminate\\Foundation\\Http\\Middleware\\PreventRequestsDuringMaintenance->handle()
#43 /www/wwwroot/worawisith.sv3.gramick.dev/laravel/vendor/fruitcake/laravel-cors/src/HandleCors.php(38): Illuminate\\Pipeline\\Pipeline->Illuminate\\Pipeline\\{closure}()
#44 /www/wwwroot/worawisith.sv3.gramick.dev/laravel/vendor/laravel/framework/src/Illuminate/Pipeline/Pipeline.php(167): Fruitcake\\Cors\\HandleCors->handle()
#45 /www/wwwroot/worawisith.sv3.gramick.dev/laravel/vendor/laravel/framework/src/Illuminate/Http/Middleware/TrustProxies.php(39): Illuminate\\Pipeline\\Pipeline->Illuminate\\Pipeline\\{closure}()
#46 /www/wwwroot/worawisith.sv3.gramick.dev/laravel/vendor/laravel/framework/src/Illuminate/Pipeline/Pipeline.php(167): Illuminate\\Http\\Middleware\\TrustProxies->handle()
#47 /www/wwwroot/worawisith.sv3.gramick.dev/laravel/vendor/laravel/framework/src/Illuminate/Pipeline/Pipeline.php(103): Illuminate\\Pipeline\\Pipeline->Illuminate\\Pipeline\\{closure}()
#48 /www/wwwroot/worawisith.sv3.gramick.dev/laravel/vendor/laravel/framework/src/Illuminate/Foundation/Http/Kernel.php(142): Illuminate\\Pipeline\\Pipeline->then()
#49 /www/wwwroot/worawisith.sv3.gramick.dev/laravel/vendor/laravel/framework/src/Illuminate/Foundation/Http/Kernel.php(111): Illuminate\\Foundation\\Http\\Kernel->sendRequestThroughRouter()
#50 /www/wwwroot/worawisith.sv3.gramick.dev/index.php(52): Illuminate\\Foundation\\Http\\Kernel->handle()
#51 {main}
"} 
[2021-11-10 17:13:33] local.INFO: HomeController : career  
